receipt,category
"—

0
1

( A C B

P! -}( ARRTAY ‘\

[ N t s
v

)

LON-Welling
Enter VAT NO. GB3%0396892
“Ntey sUrvey: 1idl.co.uk/haveyoursay
YOUu can win £100 of Lidl Vouchers.

Seeded Logf

Jan Filled Doughnut

Al Butter Croissant3d x g0 55
Kitchen C)eaner R
Fairy Liquidoriginal
AntibacWipe Original

Antibac Wipes Citrus
Grgnulated Sugar

White Facial Tissue 2 x £1.3%

OCOWEMN W
SCoOoOCOCODIRAGW

>rwpr>>>PPITITIETETEZE3m

15 Free Range Eggs ;
Soya Drink Unsweeten 5
Knorr Aromat 69
Cottage Cheess 49
XXL 4 Beef RumpSteak 99
Cherry Tomatoes 0082402 19
Cumber-land Sausages 79
Washed Bahy Spinach .95
Bananas 0080008 2 x £0.78 56
Ginger 0082700 42
0.258 kg @ £ 5.49/ky
HOG Seahass 4.99 A
TOTAL 42.96
CARD 42.96
xCUSTOMER COPY« - PLEASE RETAIN RECEIPT
Date: 28/11/23 Time: 09:.51:20
MID: xxx75425 TTD: xxxx5198
TRNS NO: UK159882447863332231 i
Mastercard Awkxax s kkxxxD119
A0000000041010 .
TCC SALE

Amount £42.96

PIN Verified o

""OPROVED AUTH CODE 238%%6
CASE DEBIT ACCOUNT WITH TOTAL SHOWN

VE SALES & VAT &
",Groceries
"= ::i}::“\,\g ‘ “‘ !;;;:-»\ \ \

i WY&SF LTD T/A COSTA NN
VAT NO: RECEIPT: 143650 R e
15\ 7865 26/10/2023 15:22 LAl

____________ R . “3\\“k‘$\

\ TAKE OUT T
Cortado TA £3.15V R
c . | ' S RN
appuccino MED TA £3.80V A
Lemon Curd Tart TA £2.60V ol
Items:3 Total:£9.55

Card:£9.5h5
Change:£0.00
RATE GOODS VAT*

0.00% 2.60 0.00
20.00% 5.80 1.15

You were served hy: Sukhmani

****************************************
Card No : 533780xxxxx33603455%
Beans B/Fud
Reans C/Fwd

R/Vouchers Balance 2
[1, 10 January 2024]
[2. 21 January 2024)

Thank you for using your Costa Card
****t*****#********#****#*************#*
Buck inghan Avenue, Slough Trading Estate,

S1ough, Berkshire, SL1 4QA

«oxxxTHANK YOU FOR YOUR CUSTOM#*xx%

ORPENING HOURS: MON-FRI: 07:00-18:00

CAT: 08:00-18:00 SUN: 09:00-17:00
xxkxdxxTELEPHONE TRCH$kk¥4*
| Tell us about your visit
Text 7447 t0 07481 342445

or visit www,feedbacktocosta.co.uk

cep website for T&Cs

I

",Eating Out
"Lo Yhaneo
le) g Lic.

- Wew, ltlldcdu (Qn

Lo win
L0001 "" A
how we dig” L(,ddyK o

/\ K<; ﬁ?{ l ) //{TEX
~_ A

ASDA STORES L ID-
ASDA . OM
ANA GFR TIAN DAL

lELEPHONgL 01 53 524017
ST. 04159 op. 009033 TE. 33 -
POTATOLS 505085426314 £1. 70D
SPTNACH 505478151225 £1.200
WUSHROOMS 000002302633 0. 790
SHEET POTATO 505085451478 £0. 89D
BROWN ONLONS 505085451490 £0. 950
SALAD KIT 505717285817 £1.150
SALAD BAG 505478158074 £0.80D
TOMATOES 506308929539 £1.00D
CABBAGE 026760400123 £1.230
PERSIMMON  505141389375L  £1.29D
PERSIMMON  505141389375L  £1.29D
SALAD BOWL. 505717265898l . £2.00D
SALAD BOWL ~ 50571723104iL.  £2.00D
COOKED MEAT 509717212209 £2.00D
CRACKERBREAD 501026500080 £2.00D
CHOCOLATE 761303990571 £1.50V
SAGE. 000002114270 £1.00D
RATISINS 000002721208 £1.10V
PEANUTS 000002721207 £1.10V
BITE 505085453987 £1.100
YOGURT 402550027743 £2.50D
EGGS 000002040846 £1.99D
MILK 500018102405 £2.30D
LOYD SAUCE 500035416479 £1.79D
LOYD SAUCE 500035416479 £1.790
SLICED CHSE 5054070150291 £2.650
SLICED CHSE 5054070150291 £2.65D
BISCUITS 301776036339 £1.25V
REDUCED TO CLEAR {AS £2.00
CRISPS 500032801330 £1.00V
TOWEL 505717232242 £3.00V
TOMEL 505717232242 £3.00V
WOMENS TRS 505919517037 £8. 00V
HOMENS TRS 905919543743 -Gy
WOMENS BRAS 365919248507 Ld 00V
WOMENS 1ES 505919578145 $00 .00V

WOMENS COATs 50591941587/
Asda Rewards

RTIBUY SAVL MGS

Cheese 2f£4.9 290L
¢alad bowls 2£3.50 16/L
Produce, 21£2 17l

Yo SAVED £1

-£0.80
-£0.50

-£0.93

£1.898

OTAL £107.05
casH  £110.00
CHANCE (UE £2.9
ffEMb SO\D Jb
6019 A

A Illill i \\\‘ \\\

s
",Groceries
"—— —

T"""" ..
= AT,

Slough - Bath R
a oad
VAT NO. G8350396892

Azple Rake

£
Coupon Plu 1.29 A
Eneray D%?gkpé$:sg?2igg £0.42 o
Flower Small 0407167 | °.30 B
Froz Vanilla Cones 3998
~taskaPollockFillets 1.958
Berry Macaron Mix 249 A
ses? Steak Mince 10% 1.99 B
Multipack Crisps %%?5 A
fSaby Plum Tomatoes 0'.89%\
Mattress Prot Single 0332530 4.99 B
Coughnut Peaches 0.99 A
Acgle & Mango Juice 1.35 B
“anint Roll 7 x £0.32 2.24 A
incient Grain Roll 10x £0.32 3.20 A
Org F1 Bananas 1.19 A
ironing Board 0383783 29.99 B
TOTAL 68.50
CARD 68.50
CUSTOMER COPYx - PLEASE RETAIN RECEIPT
Jate: 18/09/23 Time: 10:50:18
MID: xxx12024 TID: *xxx2138
TRNS NO: UK203373088316261231
Visa DEBIT xx KKK xKKRAR*DG12
A00QC000031010
Contactless SALE

Amount £68.90 rolder Device

verified by Cardholder Uevic

AggROVED AUTH CODE 009939
PLEASE DEBIT ACCOUNT WITH TOTAL SHOWN

— -
—— oy R GEm e SwS v
pu T e N Wi B R
- awe a3 SO - -— A = ~
-— o Oum W W
~v-
— o ——

29

TOTAL DISCOUNT 1.9
VAT RATF SALES £ \(J]MO O@
Ai0Y 16.09 .0
n 20 % 5741 |

-v""'“""““
p—y ™
- -

You saved s
¢y 29 with idl Epgf"" :

B ——

son v AT
",Groceries
"~H Ll m@( K\

LT T [7f,
Fratton Extra
Any questions please Vigjy
WWW . tesco . com/store-10Catgr
VAT Number: GBR 220 4302 34

1 Caparelli Italian Pinot Grigio £4.85
75c] '

1 g$ps| Max No Sugar Cola Bottle £1.79

1 Tesco Lemon And Lime Zero 2 £0.80
Litre

1 Itsu Chicken Big Bac 180¢ £3.79

1 Tampax Super Plus Tampons With £2.00
Applicator 20 Pack

1 Tampax Super Tampons With £2.00
Applicator 20 Pack
TOTAL £i1i5.19
Card e19.12
Clubcard points earned: 30
Clubcard points balarice: 88
Visa Credit
AID: A0000000031010
Nunber : Kxex xR R kXXX xBH719
Pan seguence No: 00
Authorisation cade: 811233
Merchant: 26284805

— —— —— - = — —
—— wmm —_— — ——
e e e et -t e —— T ~ e — . — —

A chance 10 Win @ £1000 Tesco gift
and collect 29 Clubcard poynfﬁ_cdrd

sit Wwaw. tescoviews. cof t's & ¢ & apply

— e S S n
- -
--——-.-_-——-'_
-

— —
_-a.-—.-.-—-
_——-—--——-——“""
— vy S

=
— — -
- S w—

— wAy Snn
s wnn o
— iy -
"" ,,-.n‘s--——-”—- haind
- GEm S —
",Groceries
"[l

} . e
URE Lham Tl Wi by,
\‘lw “\ (X X ARSI}

[J
a.‘
i f

~‘~\\. f,/\
NG
I Ve
gl h; 0y

Gl

')

SOA STgRp s o
A\tl‘_t\ ‘\lrUA ([J)(,)\lﬂ'V '
MANALLIR | AN

)
M IHA By, Uy g0
o e £ ool
S l‘tj‘,}‘,mscm, ‘1—:190
sl Uy 6854731* I, Q, ol
WA 6,201813\!204 M T
HAL Ry 054781 1250 b %D
] oo B1qp, 28k Ly ]
"": »{*l S 5 D0h 70 M0qa 3 ;51 70D
A s it
Al oL S 202‘-}1 /ﬁgsuﬂ £1-g5 )
AVOCAS 290002503 E“'?P‘v
""""?‘fﬁcu osaoaszssas, £71{:i{"",
ToMATOLS ¥ 200085451 g by Y
SOWN. OnLLONS 20293190 1 g £y oo
Bko A 50571 25211 g1 e
CFRF""IES 305244980%3 £l o2\
ot CREAM 162?2}0333&36 ; 1:?811
BISCULT S Z)ggﬁ?,msmg £4'103
g 30947816, 8 £3-20
CLEQKEN 5050854342 £1-00D
CHILPS 20508543, 1 €15V
(RLSPS BA10076q 01 £1-2v
SRISPS PASo 8410075470304— €125
OLD EL hAS 20104785473 £1-55v
SWELTS 508;;%%3}2{3 £ 2
e ETS 0 5
SWEETS a005 a3 go-;?,y
SWEETS 200016y g8 eI
SHACK 5054781933)2 LoV
ST L
s i L
BLSc) 0 03605(143 2.00D
T 50293210&34 E 950
Y OGURES 20 52904577 1.230
ROk 5039556071 8 EOAOV'
SWEETS 30 720490 £0°500
2 S 20571 £0.2 0
JWEETS 1720190 50
WE 5057 9 e
E-{?Hcmg SooT LT £0.
TECRE 3800021""3“33A$ ‘“‘“991-533
ft’;s 10 CLEAR 8913170 gl""gSV
COOKED HER 3026438048 300V
’ ER 502 794656 E_ - oD
BURGE S 00015 15 £1.5
CRINSB\?F 30099082'533;40 £2 -?‘8‘6
CHoc GUM 00005 173 £1.9
‘,’u' 0 * 250 p 0
wa e S0 50,700
AL it 0.
M -URIE 50 82035 -
Kf e 4 °0.70D
{-1<AN O0DLE 5000 82035 0.
0T N LE 0011 0354 £0.70D
o1 .“Joggtt 2833%1%3%33 51 ooy
0T NO 002 0571 £1.300
01 NOODLE 00899 76 30D
POT N KE 7613 00204 £1.
ErotorATE o e
¢ A 8920 846 1.260
L MLE 713 2040 £1.
EL MLFA (8)0000135 ,539L £2. 95D
FIMLEA 505137027‘%22[ £ 53‘3
i A 0275641 4.0
~GGS AU CHOC 5024070%0174 ég 500
PAJ-N. 4781 1912 ""y
CHEFSE 42601 41 2
R 2o
TR DRINK 4201118 1017 K0,
ﬁYRAN BRlNK 4 2681184 QZOO
AYRAN RINK £1¢q
AVREN DRIN 5
Azgg”rzeggﬁds oY SAVINGS
hado Rowtr 1 1P 20, ""£0_gq
sda R ULT] 335{ -£0'6p
M 4.9 1% 1 .
e 21645 NGS £ g4
3 oo AVED £2 68
3,ioducﬁa,;r18 GA 'mmh £:101.:.>.3
x?'VOU ' e 2y
TOTAL [P U().l.:)a

“rc 1 0 N ""
 NO. /Idl )()(}!014(;41195(0
f N \ )0 ,‘ 4B
i A i,
oo it Lol (NTEIN
V;i;d I)L”v“‘ ' {'(:E CeAaw
",Groceries
"slough - Bath Rpad

VAT NO. GB3503965392 ¢

Ancient Grain Roll 12x 50.32 3.84 A
Coupon Plus bakery Meyard -0.32
Californian Walnuts ar 2.09 A
15% off Alesto -0.31
Bellona Wafe Hazelny 1.65 g
hoc .85 B

Boayspray Energize
Sﬁandard White Toile
Milk Nut Chocolate 2 X £0 75

0
7

Cornf) 1'00 A
orntlour 5.
Strawberry Cones e 1.95 B
Froz Vanilla Cories 1.95 B
ChocCoated Peanuts 0.95 B
ﬁanuccino Capsules 3-18 2
ultipack Crisps 1.7
Strawb Greek Ygg #0808 1.69 A
Latte Macchiato 0.65 A
Pain aux Raisin 0.65 A
Choc Haze! Doughnut 0.69 A
TOTAL 35.26
CARD 35.26
*xCUSTOMER COPYx - PLEASE RETAIN RECEIPT
Date: 16/10/23 Time: 11:10:19
MID: »xx12024 TID: »xxxx2731
TRNS NO- UK203374103891289231

Visa DEBIT KEXXKEKN KA * T2
A0000000031010

Contactless SALE

Amount £35.26

Verified by Cardholder Device

APPROVED AUTH CODE 006629
PLEASE DEBIT ACCOUNT WITH TOTAL SHOWN

-~ e - —--——w-———:._—-q--.-.n-—-—--——--u—»—_-__
lnad LIPS
-
B TR
-

TOTAL DISCOUNT 0.88

VAT RATE SALES € VAT ¢

A 0% 17.17 0

B 20 % 18.09 0
3.02

! You saved i

—--\-u--w--—n—-.nu-v-v.""""——v\-..,_._“‘
L]
....
-~
—
]
-
Ny

..""n\
",Groceries
"h, N?f""

oth
I)Ul {o mut 0 a/ J

'”ll \

Yin| van Wln H“] N

s
! l‘“\klt_ ¢

VA'- Nﬂ Iln(ﬂ]{‘j\v! N I\I !
vy v Sy

L L ¢

| ‘ 10 uUndao d . )
\ Reer “'\’lfd 'l'llmn Plus '(N Jl i r)
o ' dllt( "")x P)U[]'(_;;ep]“x ((:w”dth “‘,:’;.
\ ¢ ﬂl Du’l(;]h(.: ) f:d / 37{‘;
, | tt y] ) , ou
Y| L i et mcednugcgllus ! ( 626
de ! Swel—_t C Cgu‘)on P ’ r(,vi ]"") qu b
s \ ¢ 2”] C”SDSUZ 1d 2 79
‘ zen PR g ok pL
Smt. 10X ¢ Steak 2.2 9
. ""Oked st,.gf‘ﬁon Plys rewd’ (Z)CJZA
o q .
. . Che”]'ox CQUDgn gCOrJ T Z: 0.23
830083 lus 1 205A
| Grang § Pa COUDOn Plus revs’™ 0.2]
V"" N Es Ox CO d 1'95 ’
v Presgq cduPon piys rewal 65 .21
) Sure ¢ 0% Copcmato 3 x £ g9 B
i € Brj u“g[: P]us rewal 0.20
! It An’: xac;.:upg?qll_ﬁ:ls reward 1’3928
l""\‘ NOCE]]ar Col]‘pﬂn Plus reward 'jg?zg
. 0X ¢ A
Wives huﬁmcplus reward 1_'.(9)920
| Eadbul]’s(l)xlrcogg‘rJr' F]us renard 1 %92%
""ing Tomafc:oupon Plus revard 1.64 8
- . 0.688 kg o, 0082465
RS R 105 o £2.33/kg -0.17
g AN “Free Rgcfg"""""" Plus resar’ 1.6 9
e Eggs -0.1
cutt 0N \ 0X Coy rd
D \\‘ Y\ o Banans gy "" oot
N \ Cmnb;?fycaumn Plus reward 1.49 B
‘\ \ \ + 10X COUDor]1 Plus rewald 0.13
\ Choc. yater po P us re 1, 491{}
\ - J
N ss 10X Coupon Plus reward 29 A
e Kin on Fries I 0.14
K Tend 10X Coupon Plus reward ]'3‘5 A
' ' ‘ erstem Broccoli 0082892 '0 14
gﬂm.ﬂ l “m\ e Sucet £xey prn Plus resard 1,29 A
b sy Peelers 008008 :
PSRy 10X Coupon Plus reward -0.13
-.;.a;:\wef:‘ Kid Yogurt Fruit Typ 1. 2519
// = 10% Coupon Plus reward -0.
FlexiloopCarrier Bagd x £0.30 1.20 B
10X Coupon Plus reward -0.12
Italian Linguine 1.19 A
10X Coupon Plus reward -0.12
A1l Purpose Cloth 1.05 B
10X Coupon Plus reward -0.11
Plain Brioche Buns 1.05 A
10% Couponi Plus reward -0.11
Albal Spoo Raspberry 0.95 B
10X Coupon Plus reward -0.10
Albal Cond Raspberry 0.95 B
10% Coupon Plus reward -0.10
Mashed Potato 0.95 A
10% Coupon Plus reward -0.10
Echalion Shallots 0002834 0.99 4
10% Coupon Plus reward -0.10
Chestnut Mushrooms 0083006 0.95 A
wx Coupon P1uS Teward 010
Hourio 0.88
wx nggon Plus rewarg ~09.03
ananas 00 0.
B 10% Coupon P1US Tewarg -3803
1aco Mixed Bed o oS reNarg 0.72 4
uree
Tonato P17 pon PIUS Tekarg 013902
sh P puddings 0 a
Froz 10% Coupon P1us Treward -0.05
te 0.4
enne R1gd re 1A
i 10% Cogpon Plus reward 0.4
. : 0.34
chillt Con 2 o Plus rewarg A
0% G 0 04
01Nl % 4‘
CARD P 2.4
pW LA.J[. Rf IMN RHHM

ML JMFR / .
patic: 93012 T:Tﬁ. 9103
",Groceries
"i
bt o
T

“laz Tech Backpac

Style: 712076 - ~18.60
“slour: Black {48)

Size: 000 (COO)

T e - bt oty o e e - _———
- . — P -

“untactless : Visa DEBIT
: 481891xxxxxx(3900
Auth Code : 007659
ﬂerchant ID : »xx09/23
erminal ID : »xxx0014

AMOUNT £18 . OO

Please debit my account as shown '

))))

No cardholder verificatior,
Please retain for your records

i

1 8

}

I
. wWriwaot ir ‘e Feare. - .

We are heppy to offae - BRCEC v <
credit note for any unwanted i ter-
returned within 28 days of purcriase. T <r
must be returned in their origina
packaging, in perfect saleable ccrdt
and with a receipt.

N -

-Ca

Refunds will only be offered in accoras
with your statutory rights (swhich rems'
unaffected) .

For hygiene reasons, underwear, hosiery
swimwear, pierced jeweliery and beauty
products cannot be returned. Footwear -
cannot be returned if 1t nas been wor

ouTdoors (
‘.""lté
Please retain the receipt as proof of Yo
purchase. ‘%’
Fearless? Scar Nere. Limitlaess caraoss éf
Possibilities await. ¢
04/09/23 19:14 680103 0816 ON=: -
A x - r: - — &‘! . .’J‘}«
(Sl prae L
n- n PN Tt N
==ty =ty |

P [ A

",Personal Upkeep
"Bluewater Park (209
TEL 0333 0055 209

Wed 03 Jan 2024 17:38:32 | 17 1665
321-910-019-026175 1 : i
B]aqk Umbrella He0 /
T12~bﬁ4~162-005530 1 £30.00
Navy Geo Trousers
TOTAL SALE £42 .00
Visa Debit £42.00
CHANGE £0,00

Visa Debit SALE
"")

Card No: sdskkkkrdkssk7303 Contact less
AID: AQOOOOOQG31GT0 APP PSN: QOO0

Auth Code: 650611
MID: #¥¥x5952
TID: **44418]

PLEASE DEBIT HY ACCCIRT BITH .00
1 O

:
¥ SERVED YOU TODAY
PLEASE HOLD ONTO RECEIPTS

CUSTOMER COPY
",Personal Upkeep
"/\/\@\TALAN

FAREEERADRH LR R RER R F TN KK K

¥ Matalan Reward Card *
A No = 050100016648088 *
RN RO RO ONE X ORK ¥ 00060k 8 SOk K XOF
EAN Description

Price Amount

3275159000050 BABYCABLE JUMPER GRE

20% OFF £30 15.00 12.00 1
/ 3466228000066 LS TEXTURED TOP BFIG
| 20% OFF £3(Q 12.50 10.00 1
3465783000024 BASIC HIGH NECK RIB
20% OFF £30 10.00 8.00 1
| 3373613000031 YURU PRINTED SHIRT P
; 8.50 8.50 1
| 3373613000048 YURU PRINTED SHIRT P
| 8.50 8.50 1
Coupon
100000009997559291123
"" Total to Pay £ 47.00
' Cash £ 40.00
' Visa £ 7.00

Y VEESVE 2SI REANE Y ET R R R E L Y EYSER]
¥ Your Sav nu. Vsaday £7.90 .
ARRTE MY KA KA KD A AR RERRAT XA AR K AR

Vi Analysis:

"" Gul: Raiz Trans Amount VAT
T 47 .00 (.83
Datc ""I Store Till D Tran
o R 132 B 8 Be167

Last date or Refund 01.02.24
Visit us at Matalan.po.uk

Matalan Retail LTD
Perimeter Road, Knowsley Industrial
fstate, Liverpool L33 151

VAT NI 534 5886 18

O A

20 NR27672
",Personal Upkeep
"x ] ;‘""
,' ’I‘( “] '{ . - L. .-
i’ ] - x\/
‘l [ .
\ 'y 2 i
“ v\l r A~ .\ ( & }
i R AN,
N ’/ ' , ) ( \\// /
by J L\
Y / \ N
I“' & -// / 4 } l
! T TR
\, o~ g
Y, A . N
\ AN et
of l” _ // { j V

qulh.nML!ﬂi|Navnnh

BEM Restail g

U ERENE

SALES VOUCHER

Cus tomer Copy

NivEA LAND URM/ZHUNE Y 7hML
LINUN 4PK/0IL

v LUBE WAX MELT/GRATLT L
EOUGUR MAGNE T /24 SHEE 1S
MOND STRIPL BSK/MONGO STR]

fotal ( h ilems)
PALD BY

Card Tender

CUSTOMER RECELPT
1771072023 11:44:58
KECEIFT NU.:40493
MID; XXX 73334
AlD:ADOO0000021010
VISA DEBIT

XXXX XXAX XXXX 5812
PAN SFQ NO. :0U

SALE
TUTAL

PLEASL DEBIT MY ACCUUNT

£r.eh
£ .hu
f1.%0
£t O
£10.00

£16.2%

f16.25

TID:AXXXZE 16

GBF 16, 25
GBI 11,1

CONSUMER DEVILE VERIFICATTIN

CONTACTLESS

PLEASE KEEP THIS RECELFT Frile YOUR

RECORDS
AUTH LGDE 003114

Olease retain for your records

Vil N

b DU HING

Y

O .:'\

01
STTER AN VBN
",Groceries
"ll "" ||“‘ h w“l""ll""
Ww .hl w“l !
W | N

/ [ \\( \‘J /i)
1L
A Iu\ R n
\l()ll U
,IV‘ ,\l I, 1K
lehN""hﬂ R I'j,ll' "" IR “""‘""'nv
v l\ ) N ' . \';‘
wmml °'m\(ﬁ&¥%m”f"" xvimﬁ
Aﬁﬁl gnbglrﬁﬁhyn }};hun
Ay { S ‘.8';.\1)!{~‘| n?lil 0 gl
RS Soadzatdo ot o
\ :“. ""‘\\]ut"""".‘ ONy, ‘,((‘):“géll ‘:‘? 190 o ,’l,"", ,
(il 1 MI‘;\,‘ l)Q\Ol]Qb""]())("",(i!; l‘j| )
slll’llihlﬂ N% {NI N ggg‘)ugbdg ,Ix/L)l ‘\;ll)‘- !)0“)
CU(‘UNG ONYg hﬂqu(',yld i 0. /)
LAGNCRER™ ON sy /047 b o0V
CER Y R0/ .00
MINE Oy 208750 0179
fhiou® i Ll
<p 0P 01)000 '15‘,/~2., £ ‘)U”
|2§Q§Nk gggg}g?ﬁélaﬁl fﬂfhpﬂ
povC R Lo
g b, o
‘0' NOO EJU“ . \“/l 10 .
,'T;-([).}.ZNOOBLLL 5‘88:”{%83&: o //J,{v;
e A1 142039 NIRE
('LRITAL BApo 762,',)' p 337? X i
f)’@VONNAIQEb §°00f$35301/ 1 fob
ESSER $%wmm§ v SOV
e B
NOODLESV Rl” 832“9’109339 ’ ’ l
n?ﬁ?g ED 10 CLEA§ 204380l 131 ‘w A
5 2
Mmmmﬁmﬂ”Wm
540708 . -
,\_)I\LAMI 40084(48?,11 N y o)
RANKFURTER D060 /59,47 11 o \
QEDU(TD TO CLEAR WAL “ h‘)l
COOKED MEATS ‘5030804 1 g1.290
AMER g g S
- 002047 {.
ELMLEA 871920020476 &1 000
ASDA BAKE 000002732570 £0.90D
PASTA SAUCE 305244966864 g1.25V
s BUmSS Y
456 5V
£1.25
SWEETS 400990054610 () 750
PASTA 0547819002 K070
SWEETS 400990054608 o0 - 5V
SWEETS 50571;383138 £0 38V
SWEETS 5057172091 >
SWEETS 505717209190 88-%23
SWEETS 505717289198 u LU oy
SWEETS T 50971/20919 -~
SWEETS 501047801451 g1.1§5
SWEETS 501203595227 £1.2 v
SWEETS 505717209197 £0.30
s mrmy oo
s 283533393176 £1.10V
2&2&?3 501047853391 £0.25V
SWEETS 501047853391 £0.25V
P 505478174114 £1.15V
SNACRS 05717257915 ¢1 1oy
Lon 200005029540 £1.50D
VUPROFEN 000002727505 ¢ oop
IBUPROF 5522
0L 50171230 £0.50V
PARACETAM 2057172712645 £0 200
PN CRRSTE 00109055614 £2.20v
TOOTHPASTE. 5717293119 €1 50
CAKE T 505717212205 £2.500
COOKED HEAT 200002040846 £1.99)
EGGS 509955602504 £
GER D 434599 e17 90D
CHOC BRIOCHE 288823712702 g} %83
POPOOR 0540702784 5 5en
CHEES 501006730150 1 19y
SUGAR 50100673 £1.19p
SUGAR 309955602168 £1.25)
BURGER 509955602166 £1.250
BURGER . 741303990~ £1.50v
CHOCOLATE 505717212322 £4.70p
CHICKEN 50{‘];2%25925 &5 0V
5
WATER 5098, 0156995
HATER 5054701 £2.00v

sda Rewdf‘ UY SAVINGS
o NULTNI%B o7
pasta’™ ’, SWNG £1 48

) oduo ]IBUY
T VEHVED £1.98

. EPg i?lli~§?
[()m ' 112,56
",Groceries
"‘D
T =N —~{k§> ANV ACES
>Nl Lo =
nmeuwhq;eVQﬁgfgwaeattnﬂﬂef
O16.28 661029
Sainsbury's Supermarkets Ltd
33 Holborn london ECIN 2H1
www . salnsburys.co.uk

Vat Nunmber- : 660 4548 36

GULD BLEND COFF £8.10
Negﬁar Price Saving ~£3.10
*BTTRKST TOFF FPOP X6 £2.25
Nectar Price Saving -£0.75
xJS RDY SALTED X6 £1.15
*RK COOKTES&CREAM °2.00
Nectar Price Saving 401,65
4 BALANCE DUE 9. 40
COLLEAGUE DISCOUNT
£9.00 @ 15% 21

[S]1 6341 76%x xxxx J034
ISSUE NUM. 2

Visa DEBIT £7.65
contactless 1))
[ICC] xxxxxxxxxxxx5812

AID: A0000000031010
PAN SEQUENCE: (0
MERCHANT : xxx%x 9990
AUTH CODE: 003844
TID: xxxx2414

Cardholder Device Verified

CHANGE 20.00

YOUR SAVINGS TODAY: |
PROMOTIONS -£4.50
COUPONS -£1.95
TOTAL SAVINGS -£5.89

X*X*%***X********K*X***X**X**W*X*X*XX*X*

MY NECTAR SUMMARY
[C] *kxk KKKK KKKX 7580012

POINTS EARNED ON £7.69
PREVIOUS POINTS BALANCE 248
POINTS EARNED 7
NEW POINTS BALANCE 255
VOUR POINTS ARE WORTH £1.27

xwxxxkxxwx*x*r**xwx***xwxxxxxx*xwr******

Check your Nectar app 1o sSe€€
points carned on offers.
xxxxx FoOr a chance 1o Wir X&aX%

100,000 Nectar points
blease tell us how we did at
lettuce-know. com
**‘KX'l******X****‘X*X***K**’!

PLEASE KEEP FOR YOUR RECORDS
PUBLISHED TERMS AND CONDITIONS APPLY

AR PR A
",Groceries
"VIVASAYI SUPERMARKET
27-31 ELMSHOTT LANE
CIPPENHAM SL1T 5US
UK

Tel: 01628668115

Staff: Gowry Varathan, Till ID: 1
Sale Date: 26/10/2023 13:56:48

ey o PRICE(%) . __ AIY TOIAL(E)
NAN PERI PRI RUB SH/BBQ 2 1.29/ea i 1.29
BULDAX HOT CHICKEN 700G 5.49/ea 1 5.49
TOTAL - £6 .78
TOTAL QTY :2

CARD : £6.78
VISA

Auth Code: 003935

Exp Date: 0230

Method: CONTACTLESS

Card: skkkkkikkxxkb812

CHANGE £0.00

RATE ~ NET(E)  VAI(E) TOTAL(E)
0.00 6.78 0.00 6.18

s

=
S

O

Printed On : 76/10/2023 13:56:48

| Thank you for shopping with us

",Groceries
"‘\ ‘lv\\“ ) "" ‘) N4 Ve YW 7T I
. :

Poundland Limited

*thank you for shopping with Poundland 01753 512547

Connect with Us on Tuitter @Poundland

JHpoundland. co.uk/ i

. I.co.uk/hplp/contact-g

VAT Nusiber: 547 512vh2r stores/
“ 4

lppu_HRLLuNl SHACK f (4l 1t
BELLS TUUPROFEN 2004 gy 16P% : L

2 X E'!DUO) i’:’ﬁ.UU
Hae LonFirned Over 1g

i UIL ROLL 300MHK 121 p -
""RELZER BAGS SLIDE 7)p (50K . ; AR
URSCENTED TEm - * £ 0
N ED TEALTUlTY gy 20PK T o
ROURGD ¢0tyim nnn - ¥1.00
COURUCOTTON PADS 100pK 0 o
DSk e e FHERRES 24P ¢ .
iavy | LN PURP REFTL ) £\ 50
z:“: Laalgs Hight Rope fasis:M P £6.00
"" _{ltdi fur 10 iten(s) inoiusive of Vil £17.7%
(UAT waid) £7.75
LREDLT/DEBIY CARD £17.75

CUSTUNER RECETPI
POUNGLAND LD - 2081
[45-147 FARNHAN R0 SLOWGH RETALL PARK SLOVGH . SL1 4XY
17/16/2023 11:05:34
RECEIPT NO.:160¢1
H1D: KXK45254

A0 A0G00000031010
JUsA DEBIT

UK XXKE XXKK 3199
oN SEQ HO. 100

T KRRKZ934

St GEP 1T 15
ro GBP17 .75
pLEGSE DEBIT WY “V@Q?ﬂf N i
CONSUHER DEVICE VEBIFICH ik

CTCTESS

EE:J?;SF KEER THIS A CEIPT FUR YUUR RECqRys
i COvE:01T2 ¢

o paypents —_

o [utht paym .
Y [u o

Chang®
",Groceries
"&

& Twihes | are
S cugen
S .1 54
01753 5348 1
VAT ro. 531127233

SALE TRANSACTION

061299 Bee Zalerca 2327 £1.79
0Z03€7 2024 fraeMeryri8Hies £4.49
079311 10 Ra2fuse Sacksz lirew £1.20
822511 Fabulcsa Sra, Mix 2 £1.00
317719 Reus: Bac - El 3pl ar £0.45
20p Cf* Bag -£0.20
083827  SHARNCOD BALTI SAUCE £2.€0
0E3357  SHARNCOD BALTT SaUCE £2.20
083857  SHARANCOD BALTI SAUCE £22.80
317334 1.0YD GROSSMAN SAICE £3.00
337977 BOLOJPF)E AU £3.00
317334 1.0YD CROSSYAN SALCE £3.00
3 for §5 ~£7.40

No. 1tems 11
Balarce to pay

18 .73
Local Cash £20.00
CHANGE £1.27

sxYCU HAVZ S AVED
7.6)
CNCOUR MULTISAVE PHOMOT IONS*x

Last cav to chargs vour mind is 11/12/2023
This coss not affect yoor statutory rights
Excius ons axily - Sec ouer eaf for detalls

Lot us know how we i t0d6]¥° card

WO Cance te win a £200 gift
r / ,ercvranae co. fk/storefeeddaC
fi4¥ e

[IME
(L. ¢F NC  TRAN:. DATE 11:35
5 J 3454, NS iE 2771 1/2023

fl///li/ﬂl//ﬂ/lﬁ////lll” o

9990211 23CiL( ) 3N5T

Lday you we € Szoved by

",Personal Upkeep
"\ . ¥ ‘ 'I 4
I\(‘ ,‘ 1(
L ll )

10y '.}(v.
i || di¢

'd‘)(,(] C Ol

/;\ (_Nﬂ |
// / { , ) //

.. A\\.w l // )

ASDA %lORts LID.

MANAGER T
rELEPHON LAN DALEY

OL753-524017

N 20m ..,
‘()(1'15/ )

ST. 04154 Op 005833*f .
I T S
MUSHROOMS 00000 a001225 £1.200
SWEET POTATO 0505545700 50"" tob
BROWN ONIONS 05085451490 £0_.95D
SALAD KIT 505‘17185817 é]:lSD
SALAD BAG 205478158074 £0.80D
TOMATOES 506308929539 £1.00D
CABBAGE 026760400123 £1.230
PERSIMMON 5051413893751 £1. 290
PERSIMMON 505141389375  £1 .59
SALAD BOWL. 5057172858981 £2.00D
SALAD BOWL. 50571723104l £2.00D
COOKED MEAT 505717212205 £2.00D
CRACKERBREAD 501026500080 £2.00D
CHOCOLATE 761303990571 £1.50v
SAGE 000002114270 £1.00D
RAISINS 000002721208 £1.10V
PEANUTS 000002721207 £1.10V
BITE 505085453987 £1.100
YOGURT 402550027748 £2 .50D
EGGS 000002040846 £1.99D
MILK 500018102405 £2.30D
LOYD SAUCE 500035416479 £1./9D
LOYD SAUCE 500035416479 £1.79D
SLICED CHSE 5054070150291 £2.69D
SLICED CHSE 5054070150291 £2.65D
BISCUITS 301776036339 £1.29V
REDUCED TC CLEAR WAS £2.00
CRISPS 500032801330 £1.00V
TOWEL 905717232242 £3.00V
TOVIEL 905717232242 £3.00V
HOMENS TRS 505919517037 £e. 00V
HOMENS TRS 505919543743 Ko
WOMENS BRAS 505919248507 Ll ooV
VOMENS TI28S  5059195/8145 00 .00V
ﬁﬁﬂFNE COAas 505919415877
a ewardas
UL T IBUY SAY lﬂ:ggégi)
Cheese 2f£4.5 290L 8
Salad bowls 2f£3.950 1GZL 00 58
Produce, 21%2 1750 U.

YOU SAVED £1.8%

TOTAL  £107.05
CASH  £110.00
CHANGE DUE £2.99

MS SOLD 3o
"" IT[ 1033 6019 A

v TR

I

i‘“
‘

R
i
‘
",Groceries
"g

383-389 Bath Road

S1ough
Vat No. GB B98 43197 43

Sale

’ ;»? PT MIDXT COAT Ld32 £18.00
F o oby |
ur Black .03)
lze. o (¥S) (310)

OTAL - £18.00

TunTiegg - V!sa DEBI;
| ‘ ]83205X7kxk*3159
- ~<)er~ : 004195
SR »xx09/23
ot 10 xxxx0013

£18.00

u’edbe debit my account as shiown

""))

o o cardhoiaer ver: yfication

. - Ease retaln for yeur records

LA e ot

~

M

whiat 17T yvou change yvyour minda?
e are happy to offer anm exchange or
credit note for any unwanted 1items
urned within 28 days of purchase. Ttems
nust be returned in their original
. kaging. in perfect saleable condition

and with a receipt.

~afunds will only be offered 1n accordance

«ith your statutory rights (which remain
unaffected).

“or nygiene reasons, underwear, hosiery,
swimwear, pierced jewellery and beauty
products cannot be returned. Footwear
cannot be returned if it has been worn

outdoors

“lease retain the recelipt as proof of
purchase.

<@ less? Scan here. Limitless caraee*
o possibilities await.
/23 16:38 660103 0316 0054 3853

EE?EEﬁﬁ ln r‘T} ]
Xyl Tﬁ'

nr3

i LY

PN 2E.. ¥+ COF NP g
",Personal Upkeep
"/ New ook Retailers [ td

Mercery Road,Weymouth,pT13 SHJ
VAT Reg: 429 2144 60

PURCHASE

UG38HA42H 10,00

SFRENA L ACE BoDY 900
L ucal Markdown
OLBRS4. g 1) .00y
NORENA L ACE RODY 0y
Local Mar kdown ’
08292934
TATTO0 LACE THONG 3,00
Local Markdown -2.00
5045150153263 _
3PP MONO FLORAL LAGE 5.00
Local Markdown ~-4.00
5045154001218
AWZ3 BTS PVL ADJST T 13.99
BTS 20 pct off UK BM -2.80
5045154325680
""ITER 32.99
Total £48.18
You Saved £26.80
VISA CONTACTLESS £48.18

=== CARD PAYMENT ===
AID:A0C00000031010
Yisa DEBIT
Card: koo kx5 g 12
Token: 4818911558265475812
Pan Seq Nr: 00
ContactlLess
PUS.2122.20230902.1.229621.

SALE

—

Amount :

GBP48. 18
CARDHOLDER DEVICE VERIFIED
Auth: 008259
Ref: 300577
Merchant: *xx78501
TID: »xxx2201
EBSEE20F83CBD770 80
Date: 02/09/23 Time: 15:38:38

CARDHOLDER COPY
PLEASE RETAIN FOR YOUR RECORDS

Store: 2122 Till: 01 Tran: 200601
Date: 02/09/23 Time: 15:38 Oper: 7011590

PLEASE NOTE SALE ITENMS - EXCHANGE DNLY

87 available date for return is 30/09/23

You were served by Noor
Please retain your receipt for refunds
| Thank yoy for shopping with New Lack
1N Siough Bath Rqg Retail Park (C1753 21~

Uit
",Personal Upkeep
"[
""( gy Y

lJ [Jlshmﬂoﬂﬁh

T LY 0T ST e

Freetton Bxlira |
Ay questions pledase Visll
Wiww . tesco. com’store-Tocator
VAT Number-: GB 220 4302 31

1 Volvic Natural Bottled Mineral £1.00
Still Water 11
Meal Deal -£0.30
l.ove, corn Bbhg Eoazted Carn £1.00
Snack 45¢g
Meal Deal -£0.29
Teszo Plant Chet A1l Day £2.85
Breakfast Sandwich
Mpal Deal -CO 86
Sublotdl £4 85
Savings: -£1.45
Promatlong -£1.4%
TOTA! £3.40
Cdrd x3 40
Flubgar# points eurnew 6

Clubnarj polntg ha aNCE

[T SR X ST

- v e N -

Madt@rgjrd Debit
AID:

a77

A00UD00 )041018

xﬁ*kkAkAIAAXJ

Number 0
Par seg.ence no: 190159
Authorisation codé L 2BG505

Merchant :

,MA rk,

JE

28P

|

nc,H 't(_) W] ”
Vi’\t www tebeVlMW% com |

llﬂil \ﬂlﬂlll I [

RO3‘

-_,‘.-'""

o

- T e e

4 iLOLO [Qb(O qrft card
20 nlubomwipmlnts

& C'S dpp\y

R e P

il ﬁ( i

wea  cwm ewm cmA = o -

-

,,4/01/4'(),4 .ZU 2‘) *,m o 4""./&) thu Kout 076
",Groceries
"A
\
\\
\

~+ .7 Drange Juice Smocth

AT e
3lough - Bath Road
VAT NO. GB350396847

Sti17 Spring Hater 3 x £1.75
Multipack Crisps 2 x £0.85
ChupaChups Bestof10s
Kid Sweets Banana
Parsley
Mixed Herbs
- MYTk Nut Chocolate 3 x £0.75
~Chilli Multigr Snack
~Micr Popcorn Salted
~Strawberry Cones
- Chocolate Cones
' Pistachios
~Apple Filled Carame]
' Snack Mix 8 Variants
{ Energy Drink Classic15x £0.42
- Split Pot Fruit Yog
Stracciatella Kugeln
-+ L.Casei - Multifruit
_Palmolive Milk&Honey

= O - aint PR W LRNE U — ~ N
o OWWO > ~WWO NN : o
gmgggcﬁ&aa%\omommwwmwmmwLowoom
-
:>3>3>3>:>mmm>m>m>m3>cnm>>m3>3>EDG=CI’

. CussonsPositiveVibes
.= Ancient Grain Roll 6 x £0.32
T Panini Roll 10x £0.32
A Greek Yogurt 10% FatZ x £1.89
L Apple Turnover
o.— - Passionfruit Yoghurt
U TOTAL 54.32
vy CARD 54,32
v #CUSTOMER COPY# - PLEASE RETAIN RECEIPT
- RER X Date:r 23/10/23 Time: 11:06:47
Ul MID: #%%12024 TID: *%%%2181
“x < TRNS NO: UK20330%5156636296231
"" Visa DEBIT Fhkkkkkkkkk¥5812
| A0000000031010
Contactless SALE

Amount £54.32

Verified by Cardholder Device

APPROVED AUTH CODE 008112
PLEASE DEBIT ACCOUNT WITH TOTAL SHOWN

o T T I e R T S e

VAT RATE SALES £ VAT ¢
A 0% 26.58 0.00
B 20 % 27.74 | ”“162
2033 1566: /UIH ""‘” || l 2311105

Enter survey: 11dl.co.uk/haveyoursay
& you can win £100 of Lid] Vouchers.

",Groceries
"—d
g

EB(%~

I iy Bow)
A1m0ndSSCOUNT 30%

15%
Sunf]owerogzeglesto
Q

ashing Powd
Multipack Cr?gp
%otton Wool Pads
Gq11et Tissue Sensi
Creek_Natura] Yogurt

lassic Ice Almond
Tropical Juice

Tropi

ath %o
VAT N, 0835039689

R Od d

]0% Of
t. N f KU]' nge
Energy Ere fater 12x 02
lasgic21x £

0:42

s 72X 50.85

Milk Nut Chocolate 3 X £0. 75

Milk Chaco)
\ ate
Calif Pistachios

3 X £0.65

Ancient Grain Roll 7 X c0. 92

Mini Butter Stollen
Baby Plum Tomatoes
Mini Cucumbers
Apple Turnover
Apple Filled Caramel
Fat Free Nat. Yogur
gplit Pot Yogurts
Baking Potatoes
Bananas Loose

0.532 kg @ £0,99/kg
Heinz Baked

Land —A-U.—ln

TOTAL

‘Aa‘_nl
'ln-ﬂ'-l.-n-.’—'.‘—
""=

Beans

- e S = o e A ot e et e .
PR
-
LI RS e
- e
-~

- SToNER COPYE - PLEASE RETAIN Recrip

ate: 09/10/23
EID: w2024
5 NO:

Vst s
Cantaot1ssssa
Amoum ; h2.
Jerif1®
ﬁPPRUVkD

ot e 1

VlJﬂﬂf”i )j;l,,~~ .

11
UK20330615177428223]

eardio1eT Dy,
Y M{e
T

| R\%ﬂhh 0,

Time: ]0:57:(7
DR

*“""‘\
***********SB :

o
AL

[y
",Groceries
"Primark
Portsmouth
121 - 135 Commercial Road, Cascades
Portsmouth, PO11BU
Tel 02392296911
GB 422160891

sAalt:

211028536 ANGUL.AR RECTANGLE : 3.50
210991666 3PK COTTEN POINTEL 7. .00
210906867 3PK LACE STRING TH 5.00
131027318 COSY LEGGING:Black 7.00
Total £ 22.50
Visa DEBIT £ 22.50
Card No. ANAXXXRXXXXXE6TT9
Merchant No. FRRHHNKAKRH K% 2491

Auth No. 966908

App. ID A0000000031010

Terminal ID %%%%4275

PAN Seq No.

Source contactless

Verification on device
Store: 0632 Till:003 Tran:251735

Date:17/03/2024 Time:14:05 Oper:10543642

Items Sold: 4
Items Returned: 0

e ettt it e 4 e et . e et i et e s Sk

Primark Stores Ltd.
Primark House, 41 West Street,
Reading, Berkshire, RG11TZ

PRIMARK
We'd love to hear about your time spent in
our store today, and in return you can
choose to enter our monthly prize draw to
be in with a chance to win a £100 gift card.
To give us your feedback, simply 90 to
www.tellprimark.co.uk, use the entry code
provided below and complete a short
survey.,
Survey entry code:
0632003251735
Entrants must be 18+ years. Each code may
only be used once. T&Cs apply. See
www.tellprimark.co.uk for full T&Cs and
Privacy Policy.

Returns
We are happy to refund or exchange items

purchased until 14/04/2024
See the reverse for further information

THANK YOU

2517350001031724009

NI

",Personal Upkeep
"VICTORIAS
%EC@FT

Qh _I-I'{j

Victoria's Secrat Bluewaier 2414

TEL 01234 567890 VAT No 179 7658 90
Sun 06 Feh 2022 15:44:40 06 8165
P23- 345 153-000061 1 £24.,00
VS Red Bra
TOTAL SALE £24.,00
MasterCard £24.00
CHANGE £0.00

MasterCard SALE
)

Card No: sekssrkxkkxs¥5119 Contact less
AID: AOUO0000041010 APP PSN: 06

Auth Code: 253267

MID: *k%x1084

TID: *xxx9898

PLEAGE DEBLT HY ACLEXAT HITH 24,00

KD CWM

PLEASE HOLD ONTO RECEIPTS

CUSTOMER COPY

",Personal Upkeep
"Htoru /‘>>L AN

/ 00004tv—o;;;‘004440$com‘r-toaant».“’.
by Matalan Reward Card .
o 050100016648088 .
ooroéwti0tﬂ*ttanliiV*OY#*$4*#0*440xun
EAN Description
price Amount

| 3275159000059 BABYC 165.00 12.0g |

20% OFfF £30

s TexTURED TOP BELG

4466229000066 12.50  10.00 1

20% OFF £30

HIGH NECK RIB

3465783000024 BAS1C
2 10.00  8.00

20% OFF £30
3373613000031 YURU PRINTED SHIRT P
8.50 8.50 1
4373613000048 YURU PRINTED SHIRT p
8.50 8.50 )
Coupon
00000009997559291123
Total to Pay £ 47.00
Cash £ 40.00
£ 7.00

Visa

VYTV L L2 NS EZEREEEEE R RN R E RN
4 Your Sav nr. Taday £7.50 b
&&*40ti&####*#+444*&**4*****+4i$¥¢f++

‘A Analysis:

Lol Raiz Trans Amount VAT
| 47 .0U (.83
- Date G Store Till  ID Tran

v (3.0 132 8 8 52167
Last dale ..ir Refund 01.02.24

Visit us at Matalan.co.uk

Matalan Retail LTD
Perimeter Road, Knowsley Industrial
Estate, Liverpool L33 7S.

VAT ND 534 5886 18

1

| 66UUON | 3000527 30

",Personal Upkeep
"|

061299 Bee Zalencig 2724 £1.79
0803€7 2024 BreeV:rvri38RCe £4.49
079311 10 Rafuse 3acks lraw £1.20
822511 Fabulcsa Saray Mix 2 £1.00
317719 Reus2 Bag - Fl3plant £0.45
20p Cf* Bag ~-£0.20
Os3887 >HARM'UD BALTI SAUCE £2.80
083357 SHARNCOD BALTI QtULL £2.60
03327  SHARNCOD B TT SAHUCE £2.80
317334 1.0YD CROSEMeN SAMCE £3.00
337977 BOLONESE FATES £3.00
3173C4  1LOYD GROSSMAM SAILCE £3.0
%lfgrqﬁﬁ Y ~£7.40
No. Jtems 11
arce to pa

Bal arce P3y c18 . 73
Local Cash £20.00
CHANCE £1.27

Last cav to changs

This

CN OUR MULTISAVE PROMC

'lli

Ul]c :-_’, ) ‘\\
UA] . b)l 7” 335

lhll- -d

SALE TRANSACTION

xxYOU HAV:

762

LAVED

JTTONSx %

vadr mnd 1s 1171272023

Exclus ans asxly - ‘ec

STORE

cos not affsct your statutory rights
over eat for details

Lot U5 know fiow we (i today?
For vour caence 1o win & £200 gift card
. tharance..co. Jk/storefeedhack
served by habiba

1FQN” DATE TIME
134543 355858 27/11/2023 11:35

T T

9499072 Ol’g(ﬂ*inﬁﬁbu?88

DAy you were

[TLL CF NG
0128 2

",Personal Upkeep
"Tell us how we i |
ahd you eould uip ap

1Pad ninl in oup
nonthly prizg drap

Complete our survey within 3 days

|

) at

wanuaﬂku@@omtsu@mm

Enter the unique code belogy
9319 99273 9900 667

Terms & conditions ap
Available at talktobootz!Zom

T ————
e e e — bl

381 9488 1060 160

— — —
— e e men e b e m—— e —

3/01/24 17:06

we're-a Midnigh{wﬁﬁé;ﬁats...
Presgr;Pflons and other advice
Visit us in-store today

- R

Boots UK Limited
THAMES WALK, BLUEWATER, KENT, DA 95
060

3/01/2024 17:06

t

- MW
/

Served by: 9grace L f
No7rad+15% Vit Srm 19.95
TOTAL TO PAY 19.95
CARD SALES £19.9%
. ADVANTAGE CARD STATEMENT -———
Points Received 5
¥ OFFER POINTS x 114
Points to Spend In Store 1121
, ﬁag;é;;;rd AUTH:R42243
************2119 REF: 1 /07
11D 0863080041010
»))
NO CARDHOLDER VERIFICATION
YyoU WILL BE DEBITED BY: £19 .95
PLEH E RETAIN THIS FOR YOUR RECORDS
381 9488 1060 160 X 18xXXXXD

T

",Personal Upkeep
"LA,

LON- -Welling
VAT NO. GB350396892
Enter survey: 1idl.co. uk/haveyoursay
& you can win £100 of Lid] Vouchers.

Amount £43.24
Require
Ver|fication Not ReQUIrsd ook 217576

QEEASEEgEBIT ACCOUNT WITH TUI@Eﬂ?ﬁ?ﬁN-my
T SALES £ VAT
VAT RA E 39 76

lll R \\\

£
Ul'traTowels Nitelon 0.98 A
White Faclal Tissue 2 x £1.35 2.70 B
Spaghett | 0.28 A
Olive 0f) Light 4.99 A
Soya Drink Unsweeten 0.50 A
Cucumber 0082231 0.80 A
Fresh Corn 0082860 1.09 A
ProActiv Buttery 3.59 A
Knorr Aromat 1.69 A
Paracetamo] Caplets 2 x £0.39 0.78 B
. HOG Seabass 4.99 A
Sea Bass Fi]lets 3.49 A
PorkBel1ySlices 500g 3.59 A
Chicken Thigh Fillet 5,79 A
*16 MNW Eggs 3 X £1.33 3.99 A
"" Al Butter Croissantd4 x £0.5% 2.20 A
‘ Seeded Loaf ‘ 1.79 A
| 43.24
o | 43.24
xCUSTOMER COPY*-» P’EAbE RETAIN RELEIPT
Date: 21/11/23 Time: 09:31:10
MID: *xx75425 T1D: ****5197
TRNS NO: UK159883420084325231
Mastercard xxxNkAXkxArxxD119
AQ0Q0000041010
Contact] ess SALE

oy
",Groceries
"VMV IVASAY Y
21-31 ELMSHOTT LANE
CIPPENHAM SL1 505
UK
fel: 016520668115
- o Balyinder Kaur, Til1 ID: |
Sa e 09/09/2023 15:51:19

1lci e PRICE(E)  __GTY TOIAL(E)
TOKIC iS¢ 1.29/ea 1 1.29
COSTA +:57A VANTLLA LAITE 1.79/ea 1 1.79
~ AYY COU CHEESE 1506 1.79/ea 1 i.79
rc i UATERMELON DRINK 320 1.39/ea i 1.39
dlouyS SYIEEZE POP 1.29/ea 1 1.29
‘o or - DD Points Voucher -1.00
ity 0.69/ea 1 0.69
“OTAL : £7 .24
TO0TAL QTY :6
CARD £7.24
VISA
Auth Code: 003249
Sxp Date: 0230
= -thod: CONTACTLESS
il RRERkkRRkRkBE 12
Ciltuc, - £0.00
VULCHER £1.00
RATE NET(£)  VAI(E) _  TOTAL(})
00 5.56  0.00 556
o0 ne 2,23 0.45 2.68

’-f'?ji1ts:

it ... Points: 145 _
. lable Store Points: 59/
nted On : 09/09/2023 16:51:20

hark o oy chupping with us

U LitMARK

-1
",Groceries
"Boots UK Limited
PORTSMOUTH - 15624

(023) 92825245 .
11/12/2023 15:53
Served bg adele e
le Btu srt Blk Kt 19
TOTAL TO P R 7.99
AY £7.99

CARD SALES .99

PLEASE RETAIN THIS rCEIPT 50 THAT
YOUR POINTS CAN BE ADDED WHEN YOU
VISIT HNY UK STURE NITH YOUR

N

74273 60327 94494 41047 92
POINTS TO BE ADDED 21

When this receipt is presented in any-UK store, points will be
added within 24 hours once standard validation checks have been

successfully completed

Visa DEBIT AUTH:812234
MID: *¥¥56672 REF: 1 /00
ATD:A0000000031010

)

CHRDHOLDER DEVILE VERIFIED

= ———

YUU UILL BE DEBITED BY: £7.
PLEHSE RETHIN THIS FIR YUUR RECORDS

iy
",Personal Upkeep
"{ 40-50 Above Bar
| Southampton
Vat No: 6B gug 4397 4

Sale

‘ | H0
Slaz WK oW Son k L0 f4.
41307 010
W
' Glaz OPK Crew Sock B0 £4.50
b 41322001070
£5 .50
Sondico Foothall v )
82101999000
“‘ ( £%5.50
ﬁ Sondico Football 00
82101939000
£0).20
i Carrier Bags
94500182050
Larrier Bags £0.20
g5500 1482050
otion Saving .
Prngor - Assortd Balls qu ‘ii.%%
2 For-Slaz 5PK CrewdSock S R
TOTAL £16.90
Cash £20.00
Change (Cash) €310

IR

What if you change your mind?
; We are happy to offer an exchange or
: credit note for any unwanted items
returned within 28 days of purchase. [tems
| must be returned in their origiral
- packaging, in perfect saleable conditian
and with a receipt.

Refunds will only be wifered in accordance
with your ctatutory rights (which remain
unattected).

For hygiene reasons, underweat, hosiery,

swinwear, pierced jewellery and beauty

products cannut be returned. Footwear

cannot he returned if it has been worn
outdoors

Please retain the receipt as proof of
purchase.

Fearless? Scan here. Limitless career
possibilities await.

ATt
II JLI;.I' !i..

]
!JlI! !‘ ..

L=
At
[

-

nls
LwL

L
.
Ay
L

10/02/24 16:14 briddd 1498 0052 ba 1y

",Personal Upkeep
"M &S ‘
EST. 1884

293 - 299 Bath Road
Slough RS
SL1 5PR ;?iii‘Qj
01628 600546 v

VAT NO. GB232128892
www . marksandspencer . com

33853200 CARROT BAG 500G £0.40 ‘ &
(33320405 CHESTNUTS £3.00 ; N
Items: 2 Balance to Pay £3.40 R
Card Tendered £3.40 B TN
*xxPAYMENT APPROVED#x S
xxxCARDHOLDER RECEIPTxxx - ‘7§,fﬁya
VISA DEBIT e
MID: xxx02072 TID: xxx%x9261 - R A
CARD: 446291XXXXXX2346 AUTH: 027227 S ey '
READ: CONTACTLESS PAN SEQ NO:00

AID: A0000000031010
N CARDHOLDER VERIFICATION
VISA Contactless

xxxxxx*xxxxxxx*xxxx*x***wxw**x*xxxxx**

X % Join Sparks Today! X%

)'(***XX*X****X**X**:‘:**X*)\’)(X*X*‘k)\’***)\‘**x

Fancy the chance to get your shopping
for free?

¥ant to know you're helping charities?
Join Sparks at

marksandspencer.com/joinsparks
or download the M&S App

s00d things happen every tine you shop

Please retain for your records

Terms and Conditions apply, see
@marksandspencer . com

27/710/23 14:52 24003130 75088 705 5393

g

93937050750888
A

~——
",Groceries
"Boots K Limlted
Sloush Bo ts UK - 1904
(0172 %) b76232
2/09/2023 15:42
Served t4: Malike f

Hs Tpasie Utrmin 9 00
Elnett Spry Straig 6&.50

TOTAL TO PAY 15 50
CARD SALES | | £15 56

ADVANTAGE ARy STATEHENT
Puints Received
Points to Spend In Store £

5 DEBIT AUTH:0049% -
AR EX%%¥%x%xB812
< ID: ¥%%69193 REF: 1 /00
11D-A0000000031010

))))

CARDHOLDER DEVICE VERIrIEU

you WILL BE DEBITED BY: £t15.50
LEHSE RETHIN THIS FUR YUUR RECDRDS

* 330************

i

I

5
",Personal Upkeep
"X

_”‘ Bgmhm Hiatrbmsh' wva 637969'7 3.998
ko GLFolly . 10K80%2 WA

""-""i':’"" Ci""‘eu!{ Y ﬂ,’_};__,

P
73
t;(

» 60 .

sSCOWT 303 T
SPA Spring Water 12z £0.38
stiil ﬁwér‘ai Water :Z.ém £0.37
E’nem*f st mas@icl% £0. 42
Strasie; w Canes

r‘,""

f

%

A

D Or L

5 O L e 3 P

£

Tow {» t:*cmx ;m'&:g‘}&!f LA
Tropical Juyosss

&

4

— ‘E

aal 1
1

1

K

¥

a

£
& Ry
Ot &

»
y

£ £
it

Hurofen Tablets ™
Tinned Suseteorn - -
Greek Natural Yogurt: 1.8
Baby Plum Tonatoss -~ 0.8
Milk Chogolate ~ 4 x 20.65 = 2.60
-~ Doughnut Paaches . .- 0.93
Mkt paw‘agmzaps . | 0.99
:»P;ﬁw Craéi;ﬁ %ehtlli ey 0.85

»
5,

0 €0
@ Gt

oo e g e T 00 Tfe TH 3 s Xk

i T L R i L B e s e e 2T gy

'spm Pot Frint

Y°.9
~ Mier F?c:p :

i
arn. Sal tegh, S é 43

PRNERTYC

e
#
",Groceries
"|
(
|
|

/P@ILO RALPH LAUREN

alph |, Ashford
iy Suren Classic Ashford Designer
| » Unit 147 - 148, Kimberley Walk
TN24 QDQ Ashford - UK /
Uniteg Kingdom

o 0044123351070
Store: 914 = I
Date: 3/1/24 ??ﬁé?t?gf3§2 B

Ticket: 7858

Salesperson:
769012 (Vicky)

Ca§hier: 769012

ID: 1056652330
Customer : George Alder

llﬁmw~_w""_u1§5mliQIyPrice Amount
KNIT UNDR e
3616531384518
20% 1 £36.00 27.90
Promo Price -£5.00 £31.00
Polo Live Always On -3.10
- ~ Total  27.90
Tax % Taxable Amt. Tax Amt.
20% 27.90 4.65
TR 2790

XRX XK XK XXX*%]349

Auth #: 003170

Transaction Type: Sale

Auth Time: 13:34 5
Trace Number: 7858 |

e — 5

Change !
‘Exxrﬁxxxthxxtxxxxtwwxwxwwxx*wxxxxwww:xwx
You have saved 8.10

Y*txktwXWXXXXKKXXKXKRIKXK*KKIX*XXRXKKX

RETURNS POLICY: You may return / exchange
your purchase within 60 days of the date
printed on this receipt. All items must be
In resaleable condition with tags
attached. Underwear & swimwear are
excluded from this policy. For more
",Groceries
"| BELGIAN BAR + KITCHEN

62 Elm Grove Southsea P05 1JG
VAT No. 244867867
4 Company No. 09961928

. Tab Name : 5
| Covers : 2
Receipt # : 18495
Printed : Fri, 20 Oct 2023 23:57:06 +0100 [1]

1 x 2/3 Fruli £5.95
2 x 2/3 Corsendonk Pater £13.00

Sttt A et P P S PO ot et e - - ettt A -t b It et =

SALES TOTAL £18.95

iET SALES £15.79
TOTAL TAX £3.16

TO PAY £18.95

SERVICE CHARGLS ARE OPTIONAL - ALL
TIPS GO DIRECT TO STAFF! DANKJEWEL!

-~ —

-

",Eating Out
"T oman

AR
KIOSK WES]I SOUTHAMPTON
PHONE : 0800 368 1990

1070272024 16 L8 81974
3649 117653 02 Irans 24361
SDC Cone  qry PRIGLE AMOUN T !
SMC 20.00 1 2bH 99 2 99 p
10001271 0408734680003 SWENTSHIRT

SMC 20.00 ] 24 .99 2h 99 p
10002301 0408734625103 SWEATSHIRT

RCK 20 00 1 0.10 01o0pP

10003264  K000010000003 Bag M

Total Net 43 .40
VAT 20.00% 8 68
TOTAL 3 62.08
AMEX online £52 .08
AMEX
AMEX
PURCHASE
Zara Southampton
Southampton
Merch 000002100435252
A.I.I.C. 10003826101

Date 10/702/24 Time 15:58

TML 60002288 STAN 004853
Mod. Online

CTLS ICC
AUT. 826539 OPER. 004792
AUTH .RESP.CODE 00
PAN ¥ERXRXAX%%%3857
EXPIR I 113
A.ID A0000000250109%01
APPL AMERICAN EXPRESS
ATC 0158 TCC 826 TT 00
TrCC 826 UN 29356078
TVR 0000008000
ARQC F6CFB59EE9197021
IAD 06940103R20102

PAN SEQ.N 00
AMOUNT  GBP 52.08
TRANSACTION APPROVED
THANK YOU

NO VERIFICATION

The last date for exchange dr refund

in accordance with our policy is
11/03/2024

The timing stated on the back ut the

recelpt should be 1g9nored

3644 117653 02 lrans 29367

———

Stor
ate

",Personal Upkeep
"PR TN
[ IR BURRNTE RERYR 'K

{
/
L

ASDA STORRg | T

|
llll\r“ L0 wn “

t""' -
/ /\

o o l(l'..-l’l""‘
)

WWW _AS

,|'|)‘
¢

’ #/'/[ /

(l

;()l""

S i\

SR

).

1 'l

oy

1-ASUA oM
MANAGER Tan- 20|y
ELER I()Ngl 082'};;/\!)'/ a0/ B
CARROTS OP'589903§Hin. 3 IR géfsﬁn
APPLEES Son 78 L0y F0.99D
KIWIS .~0"". 117262103 (0990
SOFT DRINK  gaad 8156080 o GOV
TOILE] CLEAN 50200000830 0 5V
HARPTC 00 78165123 1 .30V
CLEANING 5o 41755078 C101Y
MINT OREQ 35003352214 £1.250
CHEWING GUM 6233868g523 £2- LoV
- .I by 5 } 2 e
gﬁgEgFCAKE >a5605215] C1.79
BISCUITS 402950022772 £1.299
SQUARES r°1’75036333 £1. 90
TWIX 20593210034 £1.69%
CHOCOLATE 00015945410 £1.50
OLAT 761303531882 (1.50V
GHOCOLATE 761303990571 ¢1.10V
i
Rt 0054 01.29
SWEETS 400990054478 £ 5V
. M s gl.2
SWEETS 5301_047801451 ¢0.35V
§UEE¥§ %853}3303133 20.323
07172091 .3
et dmm s
~ 172091 £0.30
SWEETS 505717209197 30V
SWEETS 505717209197 D 20V
SWEETS 505717209197 ©0. 35V
SWEETS 505717209190 40"" 30V
SWEETS 505717209197 XL o5V
SWEETS 501203595227 ""0 75D
SPAGHETIT 000002104306 K0 750
PASTA 505478193902 Q1.15V
SNACKS 505478174114 > 00D
MINI ROLL 500022160255 £2.000
ASDA WIGGLES 505244963797 £0.90Y
BURGER 509955602168 £1.29
BURGER 509955602168 £1.250
BURGER 509955602504 £1.000
(G SAUGE  o0004168%4  £175
SAUCE 500035 :
EEMEQR 871920020476 £1.30D
ELMLEA 871920020476 £1.30D
POT NOODLE 500011820354 £0. 750
POT NOODLE 500011820354 £0.750
POT NOODLE 500011820354 £0.750
POT NOODLE 500011820354 £0.751)
CHICKEN 506047999703 £1.10D
MORTADELLA 5034g§gggggg 2%.450
50345250032 10D
Sgkﬁ&EURTERS 503452500937 £1.90D
A EESE 5054070275641 £2.550)
CH'ESE 505407027564L £2 .55()
CHE-UCED T0 CLEAR _ WAS £2 qp
Cﬁ%EKEN 50103232852% £1.20p
; 00000 £1.99)
EGG - 505085434599 €110
CHOC BRIOCHE 55476156925 sz.ooe
HATER 505478156925 2 oor
WATER 505919420001 ¢11 0oy
SCHOYS DRESS 919520873 £9.00v
WOMEN 506308929932 £1
BLANKET TR
T ‘62 00
sda Re:g;gs
s SOLTIBUY SAVINGS
; 2901 -£0
£€4.9 .60
ese 2
U SAVED £0.60
TOTAL g1q9
- . 9
. CARD £112 92
OTAL ppg ii- o
STy

‘ '711 | 0
g NO. 60241010
k?ﬁ A00000Q921BBPA5501ICVK
",Groceries
"7

.
R
« 7 e
——— - 7 T N
T - —dmal [ ~ St
By £9 sn.\___w“,r"" 4
L

7 VTS zamn TR ©
LD AT

Cto BLIUEWATER
LOS8, LOWER GUILD HALL
BLUEWATER SHOPPTHG CENTRF
GREENHITHE, DAY 95T
+44 132 2427 184

VAT TD: 997139658

SALE
A)Ud'i l PHE‘utA

[t [RMR VS/PIO 106 OOT
193971591919
31633 VAPTO ONE 1 @ 495,00
uAVING“ - 247, 30
Z0% OIF liEARANLF UK 49.50

SUBIU[A[ 198.00
VAT - 0.0000% 33.00
TDTAL 196 .00

VISA 3rFliNr 198.00
AU]? Nd 5 JO’

lUHE 101z REG: 002 'PAN 019550
DAIE UH/U///OZ 14 3] UPLNﬁ%OH CH%lUEA

I]EH(% SOLD 1 1lrM(°) PLIdRNtU )

Thank vou for snopping at COACH

Sign up for our emails at:
http://uk.coach,com
Like us on Facehook at:
http://we . facebook , com/coach
Follow us on Instagram: @coach
We hope you enjoy vour Coach purchase. If
vou are not satisfied with your in-store
atirchase, unused product may be subject to
a refund or exchange within 30 days of
ourchase when accompanied by a valid
receint. Please refer 1o signage in-store

ar visit coach.com for full details of our
refund and txchange pollty

\’ g
! I
Ak
f?; i
K
th @ s
+
S H
d p
A A B

%
i
%
ﬂ
@
7!
0

T

bgrey
.;/ﬁ’

“
",Personal Upkeep
"sxxfFor a chance

Please tell

www . tel lasda.con

to win £1,000% »x*

us how we did today at

NS P2
e~ ST

ASDA STORFS‘LID.
MANAGER 1A

¥ ]

Whw . ASUA. COM

N DALEY

TEL EPHONL 01753-524017

S1. 04154 OP.

51LOUGH,

1. 0atad U a0 /0704431 1900
L S g8§3g¢01044ﬁl £1 450
oLEMENTINES 1070448 A
1 TUCH ()000()23()()3/ / £0. 700
b1 IUCE 03089133061 £1.300
GRAPL.S 085420997 £0. 790
CUCUMBER  DUS0B3 23081 £1.300
GRAPES - DO0csd009441 £2.00V
CLEAN&““ 285478137749 £1.10V
SQUQKLE 505324926440 £1.99y
AIRCASR NG 400017702722 £2.50V
SOk T DRINE . 502773801610 £1.50V
CANDY FLOSS 200011820354 £0° 750
ot RSSBtE 500011820354 £0.75D
poL NOODLE - DO00VIEESe R0 750
POT NOODLE 8 2732570 £1.00D
ASDA BAKE - O 20180202 £1.250
MINI CREQ 7622 . .
CHOCOLATE 761303990571 £1.50V
NOODLES 844b29043§¥3 gg,ggg
ASDA FUSILLL 000002104 £0.750
SWEETS 400990054616 £1.209
AISCUITS 301776036339 25
CHOCOLATE 500015955034 £1.65V
SWEETS 400990054610 £1.25V
SWEETS 501203595227 £1.25V
SQUARES 505932100344 £1.99V
MINTS 503466052151 £1.60V
SWEETS 505717209197 £0.30V
SWEETS 505717209197 £0.30V
SWEETS 505717209197 £0.30V
SWEETS 505717209190 £0.35V
SWEETS 505717209190 £0.35V
SWEETS 505717209190 £0.35V
SWEETS 505717209190 £0.35V
SWEETS 505717209190 £0.35V
SWEETS 501047853391 £0.25V
SWEETS 501047853391 £0.25V
CHOCOLATE 500015954656 £2. 50V
CHEESE 505407027564 £2.55D
CHEESE 505407027564L £2.55D
CRISPS 505244963797 £0.90V
BURGER 509955602504 £0.90D
BURGER 509955602168 £1.25D
BURGER 509955602168 £1.25D
AEROSOL CRM 505141368094 £1.35D
SHOWER GEL 871895142791 £1. 75V
DRINK 885038910315 £1.25v
FEMCARE 505717272849 £0.500
FEMCARE 505717272849 £0.500
FEMCARE 401540068035 £1.00D
250G BAKING 505141367958 £0.85D
CHICKEN 506047999701 £1.100
SALAMI 503452500326 £2.10D
FRANKFURTERS 503452500937 £1.90D
ELMLEA 871920020476 £1.300
ELMLEA 871920020476 £1.300
LIVER 024192000161 £1.610
CHICKEN 505717210596 £4. 70D
LAUNDRY 872018133204 £4. 00V
WATER 505476156925 £2"" 00V
WATER 505478156925 £2° 00V
ROLLWRAP 506308906778 £1 00V
Asda Rewuiuo -£1.00

Asda Rewards

MULTIBUY SAVINGS

Checse 2f£4.5 2901 ~£0.60
Produce, 2f%£2 1751
x2 MUL 1 TBUY SAVINGS £1.30
YOU SAVED £1.9
14 £78.48

» LEPEVIN £78.48
_ TOIAL LPS £18.38
EPS NO. 6027
ALD A00000VLU31010
C1:80 CV: 6488868989A65BIA
Vica DEBII
apevice Verified
A/C No. xxxx xxxx waax 5810 () ¢
ITRMINAL No. 0019990016
AUTHORISATION No . 000349
Visa Contactless

CHANGE Dy £0 .00
prEast KEEP THLS copy | o voun u|u0hhn
N9. LIEMS sorn oo

1CH /127 RRRY /P’U 004
ANV
AR
T Ghop onl e at /\‘;dd»('ﬂlﬂv for
home delivery o collection in store
30710723 10-06- 20

U
",Groceries
"$ 2
) -
;- L3
e
e,
A
6
: .
SN
v -
p3
[ 4

86 Ashfard Designer Ontlet o

Kimberiay day ;
Ashford
VAT 121 6230 b4

CUSTOMER RECEIPT
14/02/2023 16:30:24
RECEIFT NO 26417
MID: XXX67274 1D XXXKT585
A1D . AQLUZOGOUd TV 1Y
MaSTERCARD
XXXX XXXX AXxX Lild
PAN SE NO. 06

Sack 4BP39.00
TOTAL GBR3S .00

DL FASE DEBIT MY ACCOUNT
NG CARDHOLDER wERIFLZATION
CONTACTLESS
PLFASE KEEP THIS RECE[PT FCOR YCUR
RECORDS
AUTH CODE:RU7870

N5456 0G1 0085 001  14/02/2023 16:30

",Personal Upkeep
"B B,
PR

]

Adora Re%%aurant

Q lar e 'l”ﬂi‘“}, Southeaes
roollg  hap .

C o eudiUti
P05 28D

Order# P0S-9048091375

#00028432

Date:2024-01-19 Time: 20:27:57
Main #Table § Staff User 5
leogurt Adana Kebab 7 bO
legora‘Lamb Sbec1a1 - 22.90 M
xkarides 180
umos Kawrma 8.50

—-— e — —_——— -

1xPont1cel|0 Pinot Gr1glo ZSOML T

- —— e ———— —— e —— ——

IxHouse Red Angora 250ML i 8.50>‘“7
Subtotal 16.70
Tota] 16.70

VAT: GB379 7456 31
",Eating Out
"| Oate: 217100

Portsmduih
VAT NO. GB350396892

£

Cereal Strawberry 1.49 A
Coupon Plus reward , ~1.49
Wensleydale Cranberr a 1.99 A
Chili Cheddar * 1 |
It Antipastl Platter 1.
Sp Antipasti Platter 1
Salt Veg Crisps 1
Melba Toasts G 0]1ve 1.99 A

N = b A ee e e g T e e s e s e e -

AL AP GOPYs - ELEASE RETAIN RECETPT
e Tine: 20:43:15
MID: »*x£3082 ~ TID: =%xx0318 -
TRNS NO: UK027482519839294231 ‘ | ‘
DEBIT MAST:E%QQJ kxxxx kxR R* %3570
A0000000041010 . l i

- o “ RIS ‘4&‘ \ff‘:\?\‘ (5 ""-~ i
SN v T s

; Y
¥ ""

© PLE#

v \‘», I
s '»"" LA / '
! PP ‘:‘ R ! \ i Y iy """"A-""t o
R I 10 R e SALE
B ? N v LEEPASE L 5. N v e, lant g v
Al
Y
-

Yartirication Not Required

Vel i AUTH CODE 787326
ob DEBIT ACCOUNT WITH TOTAL SHOWN

TOTAL DISCOUNT 1.49

VAT RATE SALES € VAT €,
A -0 X 10 0.00
| Ydu saved

£1.49 with Lidl Plus

M A e e e e e e i em - . T e e e e e o e e e mm o .

e 1

i
Ve A

Enter survey:\lldl.co,uk/héveyoursay |
& you can win £100 of | id) Vouchers

————

",Groceries
"TOMMYE HILFIGER

BLUEWATER

Bluewater Shopping Centie, Unit 1137

DA9 9SN GREENHI THE

Telephone +44 () 1322 3¢0 706

VAT GB701980937

Item no. / EAN 8720113799524

CORE 1985 SLIM

TOTAL [11]
Member 10%

TOTAL

Visa Card OFF

CARDHOLDER COPY

Date
Time

Card

PAN seq,
Pref. name
Card type

Payment method
Payment variant

Entry mode

AID
MID
TID
PTID

Auth. code

Tender
Reference

Type
TOTAL

APPROVED

GBP

75.00

GBP 75.00

-7.50

GBP 67 .50

GBP 67.50
31/07/2023
18:51:04
AXXAXXXXX%%%X5936
00
Revolut
visasuperpremiumdebi
visa

Visasuperpremiumdebi
Contactless chip

R0000000031010
498750002344530
VX630-332240232

19768026

TJChUWY
0hJ4001375293064260
AR072023073110200157

GOODS_SERVICES
GBP 67.50

",Personal Upkeep
"CTLTLTLTLT

Welling Superstore
Any questions please visit

www . tesco.com/store-locator

VAT Number: GB 220 4302 31

1 Tesco Broceoli
1 Tesco Parsg?é; gggg gg'gg
1 Tesco Cooked Beetroot 5 '
1 Tesco Green Beans 270 209 o2
1 Tesco Whole Cucumber E £0.89
3 Tesco Ripe & Ready T -ach £0.80
Avocados Win Pack £4.80
) T91.60 each
esco Cherry To
3 Tesco SmallyBanggggeg gggﬁ Eé‘%%
i S '
11Ty Seafoods Breaded S j
Bites 190g =anp £1.30
1 Tesco Garden Peas 1kg £1.45
1 Zggactiv Buttery Taste Spread £4.50
g
Cc Spread -£1.00
1 Activia Strawberry Gut Heal th £2.50
Yoghurt 4x115g '
1 Glenryck Pilchards In Tomato £0.70
Sauce 155¢
1 Maggi Liquid Seasoning 101m] £1.40
Cc Liqd Seasoning -£0.15
1 Natco Mung Beans 1kg £2.65
1 Tesco All Butter Croissants 8 £2.20
Pack
1 Mcvitie's Milk Chocolate £2.65
Digestive Biscuit 2 X 266g
Cc Biscuits -£0.30
1 Tesco Sardines In Tomato Sauce £0.47
120g
1 Tesco Toastie White Bread £0.75
Thick 800g
\\\} Tesco Kitchen Towel 4 Roll £4.40
1 Tesco Easy Cook Brown Rice 1lkg £1.65
Vv Walkers Roast Chicken £1.95
Multipack Crisps 6x25¢
Cc Yalkers Crisps -£0.30
1  Tesco Butter Brioche Rolls 8 £1.40
Pack
2 Fred & Flo 60 Biodegradable £€1.30
Fragrance Free Wipes
£0.65 each
1 Baylis & Harding Blossom & £3.00
Lotus Flower Body Wash 500ml
Cc Body Wash -£1.30
1 Comfort Creations Strawberry & £3.79
Lily Fabric Conditioner 48w
1440m1
Cc Condi tioner -£1.00
( 2  Cussons Creations Vanilla & £1.90
Shea Butter Hand Wash 500ml
£0.95 esach
1 Surf 3 Inl Coconut Bliss £6.50
Washing Capsules 27 Washes
467.1g
Cc Laundry Pods -£1.50
Subtotal : £58.37
Savings: -£5.55
Promotions: -£5.55
TOTAL: £92.82
Card £92.82
Clubcard points earned: 92
Clubcard points balance: 929
Mastercard Credit
AID: A0000000041010

Number-:
Pan sequence no:
Authorisation ~vele -

XXKAXAXXNXX%D5119

07
RRAQR7NR
",Groceries
"The Garage Lounge
1 Albert Buildings
Southsea PO5 2SP
Tel:023 9234 3630

l1ser 1 16/01/207°4

DINE IN
u'eiDai\’? U/U l«z,(lé

[abie No 7

9 GARAGE LOUNGF -

BREAK!I AST 25.90

1 CAPPUCCINO (L) 3.00

t APPLEJUICE  3.00
Total: £31.90

Grand Total £31 90

",Eating Out
"VICTORIA'S
SECRET

Victoria's Secret Bluswater 2414

TEL 01234 567890 VAT No 179 7658 90
Wed 09 Feb 2022 15:16:23 05 4504
P72-656-259-000020 ] £19.00 Qj*f'
VS Black Bra | ﬁ'
PZ3-345-153-00006 1 1 (£24.00)
VS Red Bra
TOTAL REFUND £5.00
MasterCard £5.00
CHANGE £0.00

MasterCard REFUND
""))

Card No: skskkkkksk¥x5119 Contactless

Auth Code: 05687
MID: *%xx1084
TID: **xxx9895

PLEASE CREDLT MY ACCEUNT WITh 2.l

NO CWM

| ITEH RETLRNED TEOAY

1

0222450405

~ —~ -

- - "" E

» N’, J— § - “&«J._M ”~ N———._—‘,-m“w——c—_s‘-—«,‘_\ A

— —~—————

CUSTOMER COPY

45040
",Personal Upkeep
"1 g

\

~olland&Barrett

Southsea 03504
11 Palmerston Road

Southsea P05 3PZ

Custome Receipt

Til]l: 102 07-12-2023 15:
Colleague: Alice 19:38

1x 047353 87 49
HeB ABC To 2° ~ ©&ch £7.49

—_—
Sub Total £ 7.49

Total ToPay £ 7.49

‘\— ”
Card: £7.49
% Custoner Copy xxx
Gea DEBIT T e
Dy’ CONTACTLESS
Sale :
Please OEDYL my auent
, GBP  7.49
' Amount: GBP 749
TR chmogoLnER SEVTTE EEnes
P1gase gﬁ;‘records
for ¥ 510508
o S
te & Time ~~ &V&9 77 __--lltf
e 138556
AUTH CODE: 74VTINX
ATD. A0000030031610
App Seq: 00
Account On File Registration Details
Result: Registration successful
Token 1D: 6723849??
"" Code  Rate NET. VAT GRoss

0.0%¥ 6.24 1.248 7,49
20.0 2VAT REG NO: 211 727 395

Sign Up For Rewards For Life
https://www.hol]andandbarrett .com

RS NRE) |

¢318ddc5-100e-4034-879f -542ec3bed0

Your weliness matters to us. Please spare 5
minutes to have your say on how we dj today
aid get @ chance 10 WIN & 9ift card worth
£150. Your Wellness, Your Say,

Vourtie) 1 nessYoursSey .com

",Personal Upkeep
"| Granu)ate
Energy Drj
azer Cinnamon Buns

STEVANI|

AT R
LN v
z‘yghfi“?"";z
o ”‘,7Tﬂﬁ
tj]lu{_‘.} it Ll P
VAT Mg, (7
4 44

liitwlr;)ramg gt

b M8

fngim1t
i
MuCcling

Caupon

Milk Nu

Panini
4
e tent

d|1t0|n1aRu]]
SCOUNT 30x

Lo Liglt

Plus regarg .
t Chacolate 4 x ""

15% off Fip Carre 10&)9”

Roll 6 x £0.4/
for £1 Stonebakeg HJQY’
Grain Roll 6 x gg. &

ChicwingGum White Tce
Still Soring Water

Hahy P

um Jampal oes OB2504

Strawberay Cunusg
/ Froz Vanilla Cones

ﬁrltishSalted But te;

British

Unsa) Buiter

Bgef Quarter Pounder
| Biy Cheeseburger

S E-Eag e o
XL Brisket Joint -~ T

crqwaveablePotatOS

Cherry 2 4 g0,99 4,
i

Energyze

g
y

1.411 kg g £7.99/kg

d Sugar .

Nk Classics X £0.42

' Bananas Looge 0080000

Sp

0.412 kg

6 £0,99/kg

ring Onions OOBZZQ@

‘._-—_‘--——..-——-—-

—-—--_-—--b---..-.-..

bt T T B SR

[N
v

N a2

MT%W
g 205

-
,,,,,,
-
-
-
o -

PROVED
3EEASE DEBI

"" CUSTOMER CopY*
Date: 20/11/23

""MID: *%%12024 o
TRNS NO: UK203301081666324231
Visa DEBIT
A0000000031010
Cohtact less
'Amount £65.30

verified by Cardho

-
-

2=y . =L _
PLEASE RETAIN RECEIPT

.
"".:1‘4.{4

ool
) C’f ¢
“0490
0.6

0.bh

TV ORI W0 WD W WO W — N\D
™ WO O

N —_ e — PR
- LN AD NS -
RN RS B R I SR R R R R R EART v

0 @0 W ~I N L0 D G & =

PO, O -
~RON WO D OO W B

o o>
; > 00
: DXFFET>E>WE>>omP > >

—
—
nND

SR

-~ -

Time: 10:51.76

ID: ¥+%2187

*****i******SB]Q

]dé}ADevice

SALE

AUTH CODE 0ggg

- .

T ACCOUNT MLTH TOTAL sy

-y o em A e - - ""———-
- - -
g
-
-
-
-
-
- -
-

e T N S e e m e .
- b,

- -

-

-

-

Vou saved""
(1 37 vith Lidl Plos

e

A\
",Groceries
"xxxFor a chance to win gl,oogg r;:
Please tell us how we did today
www . tel lasda.com

INSDE
s S Gy &

ASDA STORES 11D
WWW . ASDA.COM

A y
NAGER 1AN DALE
TEL PPN, 0175352401/

SLOUGH, .
51. 0dtua op. 0v9u36 IE . SO R ooz
Cl EMENT INLS QWWWU)m@ Rl
CLEMENTINES 50540/91(371 L an
LEYTIUGE 000002300:06l ). 10
GRATS G997 £0. /90
CUCUMBER “?()!?985 1 3;368[ o1 ,30“
GRAPLS bob}089(9a41— b DOV
€l EANING 800654037749 £2.00Y
SOUASH 3926440 £1.99V
ATRCARE 50b0177027?? e
Eﬂﬁév”ﬁﬁﬁﬁs 202773801610 £1.50V
PO1 NOODLE 500011820323 gg_;gg
pOT NOODLE 500011820 0.750
pol NOODLE 500011820354 Lo'lsn
POT NOODLE 500011820354 gl'oon
ASDA BAKE 000002732579 g1.250
MINI OREO 762220180202 £ 20
CHOCOLATE 761303990571 21.500
NOODLES 844529043577 £2..5D

ASDA FUSILLL 000002104314 £0.7
SWEETS 400990054616 £1.25V
BISCUINS 301776036339 £1.25V
CHOCOLATE 500015955034 £1.65V
SWEETS 400990054610 £1.25V
SWEETS 501203595227 £1.25V
SQUARES 505932100344 £1.99v
MINIS 503466052151 §1.§0V
SWEETS 505717209197 £0.30V
SWEETS 505717209197 £0.30V
SWEETS 505717209197 £0.30V
SWEETS 505717209190 £0.35V
SWEETS 505717209190 £0.35V
SWEETS 505717209190 £0.35V
SWEETS 505717209190 £0.35V
SWEETS 505717209190 £0.35V
SWEETS 501047853391 £0.25V
SWEETS 501047853391 £0.25V
CHOCOLATE 500015954656 £2.50V
CHEESE 5054070275641 £2.55D
CHEESE 505407027564 £2.55D
CRISPS 505244963797 £0.90V
BURGER 509955602504 £0.90D
BURGER 509955602168 £1.25D
BURGER 509955602168 £1.25D
AEROSOL CRM 505141368094 £1.350
SHOWER GEL 871895142791 £1.75V
DRINK 885038910315 £1.25v
FEMCARE 505717272849 £0.500
FEMCARE 505717272849 £0.50D
FEMCARE 401540068035 £1.00D
250G BAKING 505141367958 £0.850
CHICKEN 506047999701 £1.10D
SALAMI 503452500326 £2.10D
FRANKFURTERS %03452500937 £1.90D
ELMLFA 871920020476 £1.30D
ELMLEA 871920020476 £1.30D
LIVER 024192000161 £1.61D
CHICKEN 505717210596 £4.70D
L AUNDRY 872018133204 £4.00V
WATER 505476156925 £2.00V
WATER 505478156925 £2.00V
ROLL WRAP 506308906778 £1.00V
Asda Rewarus -£1.00

Asda Rewards

MULTIBUY SAVINGS

Checse 2f£4.5 2901. -£0.60
Produce, 2fx2 1758
x2 MUL 1TBUY SAVINGS £1.30
YOU SAVED £1.9
1c £78.48
(WP IVIN 878.48

T01A EPS £/8.
EPS NO. 602/ 8.48

ALD A000000V031010
C1.80 CV:6488868989A64B1 A
viea DEBII
aevice Verified
A/(; N()_ AXXRKX XKXR ARAKX btfl.) 0OcC
IRMINAL No. 0015990016
AUTHIORISATION No . 000349
Visa Contaclless
30710/23 1006 12

CHANGE D (.00

prEASE KL ”f\; IS copy | on YouR HIL{:(.)I(HH

S

t
at Asda.com for
hiome delivery or ol bectyon n storoe

30710723 10:06: 20

126 9934 1618 106
I
i
Shop orn

",Groceries
"Sijol| (@
WWW.UNIQL.0.COM

Bluewater

Upper Thames Walk Bluewater
Dartford DAS 2SR

Tel: 0207 885 4930

VAT Reg Nu: 8200 6057 57

% Receiplt *xx

24/06/2023

<0u37> [15:53]
M CHINO SHORTS
2000174192363 1 £24.90 T
Shopping bag £0.20 T

Units sold i

Suibtotal 25 .10

TOTAL £25.10

Payment Methog

Card / Contactless £25.10
VISA
Tax inclusive:
20.00% of £25.10 £4.18
Receipt no. 0037-2023-0b-24-22-018Z

UG RIS
Please retain your receipl. UNIOHG will exchange or
refuad all itemds) by the vnginast method of payinent as
pu%gdslheﬁtanqs}afﬂr£ﬁurnedin<aresakﬂﬂeainuﬁU(ﬁ&
(with wriginad packaging, 1ags and/or labmle) within 28
days ta any UK LNIQLO Store, Al nsioie purdhases
st be returned i store and .annol be relurned via
st Pleaso be advised, bowaever, that the following
iten(s) cannol be retwmed;
1) innerweas funder wead /suianiwedrf inasks/beddug &
bedsheels due o hygiene j2asons
2 Personalised itemls) (e g, altered)

B RE
",Personal Upkeep
"Boots UK Limited
Slough Boots UK - 1905
(01753) 576232

24/09/2023 14:5\
Served by: ZAHID
REDEMPTIUN o . P1S

- 36U N ot >
g¥ Glow Essence } Sﬁb

B TAVE@ 0 A L L et AﬂﬂE.uhE.‘iﬂ S W W T
(Includes previous Bts.Glou Essence)
SA 50 PTS

VING No., TS0

TOTAL TO REDEEN '""_’ ; 450 PTS

__._.....—......-.___..,—_‘,_,_.h,.._.. —t - .

| - HDVHNTHGE CHRD STATEMENT
POINTS USED 450
Points to Spend In Store 111

i

*****%*7\'%% x o1

i

",Personal Upkeep
"TESCEO

Fpig gl

Frrat ton Extia
Al questions please visit
Wiy . L@ssco . come St()l Q- ‘ ocalol
VAT Number: (B 220 4302 91

{  Comfurt Creations Waterlily & £ .79
Lime Fabric Conditioner 48 W
1<440m| | 5
] [t“ >0Q A } l’\efl ] ] Pdd 300 qu' b &:\%703
i  Fehreze Alr Mlqk rl‘bh L.inen £2.950
Air Freshenar 189ml .
1 Costa Creany Lapputc1no Coffee 2.
6 X 179 B
Cc £1.85 ""29""52
1 Tesco Mother's Day Card Mum £2.29
vou're Magic (charity Card) o
1 Cadbury Oreo Bites Chocolate £1.659
Bag 110g B B
e e :
Subtotal QEG gg
Savings: -90'55
Plomotlonb o RS
O e
TOTAL : %1 75
Card B
Clubcard points e&rned' 4?%
Club(atd Du]ﬂtw bd]dﬂt B -0
fastercard Debit AD00000041010
AIU' - wxxwwwwwwwww3570
Number : 00
Pari sequence No: 61085
Authorisation cocle : 26254805

Mer-chant

ea—— -

[ i
e

A Lhdhce o win a P1000 Twao q1ft card
and collect 29 tlubtard P01H1b

Vi‘ll www L@u(uviewe rmm L5 & x“s dnnlv

e
",Groceries
"ANY
) 3
[\ ST
. N - \;1: :\ ‘ ‘
. RN YN ; . [
SN S
- SR
I IREL WA FEEN B ‘
oY ot
IR SV
\“ }‘»{) . N
\\&5\;\ t}xl‘\ ) “i‘
SRV e
\11\\\“\ b‘\\\ o
vy ‘.
MR
i
N R LN
=R (7 RSN
I'[==CO e
| > o
LT T T e A
h A
Southsea Elm Grove Express ""
R B
¥ >

Any questions please visit
www.tesco.com/store-locator
VAT Number: GB 220 4302 31

1 Walkers Baked Salted Grab Bag £1.10
Crisps 37.5g '
1 Tesco British Crumbed Ham £2 50
Slices 1290 G
1  Warburtons Farmhouse White e1.75
Bread 800g
6 Banana Each (c) £1 62
£0.27 each
1 Tesco Large Free Range Eggs 6 £1.85
Pack
TOTAL : £8.62
Card £8.62
Clubcard points earned: 8
Clubcard points balance: 80
Visa Credit
AID: A0000000031010
Number:: KXRRRRRRkx*x 4849
Pan sequence no: 00
Authorisation code: 001028
Merchant : 26284805

A chance to win a £1000 Tesco g1ft card
and collect 25 Clubcard po1pts
Visit www.tescoviews.com t's & ¢'s apply.

-—-———-—-——-——-———_-———--————————————-—-—————————

T

01/11/2023 12:35 Store: 2494 Checkout: 208

",Personal Upkeep
"b}

O
X N
lT. l 1{\‘\ U/U ' y

~ LON-Welling
VAT NO. GB350396592

White Facial Tresue 2 x £1.35
Kitchen Foil

Shorthread Firgers 2 » ©0.85
Pain aux Ralsin

Almond Croissant

A1l Butter Croissant

Bananas 3 x £0.78
Bertolli Spread

Marmite

Garlic Granules 0.69

— o A T 4w Bt

RN OO — W

v vy . G e A Wed A\~ A ¥

TOTAL 18.01
CARD - 18.01

kCUaTOMER LOPV% "" PLEASE RETAIN RECEIPT
Date; 26/10/23 Time: 12:11:36 -
MID; «xx75425 S TID: xxwxB5198 ; .
TRNS NO: UK 159882439743299231

Mastercard xrkxxaxkkxxx5119 |
A0000000041010 \
Contact]ess SALE -
Amount £18.01 |

Veri fication Not Required

APPROV AUTH CODE 254607

ED
PLEASE DEBIT ALkOﬁNT WITH TUFAl SHOWN

[

I,. ...,‘.-,.nm)-wm~.“m s —w

VAT RATE SALES £ VAT &
A 0% 8

T

1.03
Enter survey: 11dl.¢o, k/haveynursay
& you can win £100 of Lidl Vouchers

09

",Groceries
";H“F“ﬁaa“v'»

Taplow ¢
Superstore | ..
Any qug&tiOﬂa‘p]ea~ vis AT

Waw. tesco. com/st oCdtor
VAT Nomber : G 5ae 4302 31

1 Glage c2.9Y
B
FPeshéngﬁhEg;?pqe] Alr a0
Cc Air Fresh » 8 Peony 1809 £0.
2 Tesco Spark]ing c2.50
£1.25 each Ing Watep Ex500m1
1 Tesco Biolo 3,42
gical Liquid £
Det
18] goy Per Concentrated
1 Tesco Non Biolo a,42
gical e
Super Concentratpda1 thggﬁe”t
1 gﬁ¥§?rssﬁenbat1ons Thai Sweet ¢2.50
IRRR arin e
Cc Sensationg Sag Crisps 1500 -£0.79
1 Comgort Sunshiny Days Fabric £5.50
conditioner 83 Washes 2490m]
Cc Conditioner -£1.50
1 gam'a Ei]k Chocolate Bites £1.50
ouch Bag 125¢g
2  Tesco Novelty Pumpk1n £3.80
£1.80 each o S
Subtotal: £24.94
Savings: -£3.05
Promotions: -£3.09
TOTAL £21.89
Card B ] £21.89
Clubcard points earnea: _—m__—éi
Clubcard points balance: 549
Visa Credit T -
AID: AOOQOD
Number:: ******x982831010
Pan sequence No: x3812
Authorisation code: 00
Merchant: 004635
26284805

pupriy N et I
———_———.—--—_———-—-—-——-ﬂ -
‘\
-~

A chance to win a £1000 Tes q;; ““““““ o
and collect 29 Clubcard Do t Card
Visit www.tescoviews.com 1's

iy iy
",Groceries
"ANl o

‘ (""Ifl(n Lo win
|) ' (""’q ':‘b l

1 O
| U, IIOW TN (‘l(‘ (“” AR
WWw tel ] asda . rom )d“V al

/ ""‘\\\(“'L};,;[
Ly T ’
&q\\_,"" LQ__N/(~1 - \_ l
ASDA STORES LT
WHYW . ASDA COMU
IELMANAGLR LIAN DALEY
EPIONE 01753-524017
ST. 0a o SLOUGH
MILK 5 poF -, 009035 T 35 1R, 04872
i sl A
PEDICED T( of S £1.
PEARS EA 100

‘\) El 5()
REDUCED To LL00711228(04

PLUMS
GRAPES
SALAD K1y
H'JCUITS
(RACK[RBREAD
PORRILGE
PORRIDCL
SALAD BOwWL
SALAD BOWL
BURGER
COOKED MEAT
SAL.MON
SALMON
SALMON
CHOCOLATE
CHOCOl ATE
~ CHOC. ¢
TEA
ASDA BukE
CELERY
SYRUP |
CHOC COVERIN
BREAD
CAKES
POPCORN
FAB CON
CRISPS
CRISPS
CEREAL
NAPKINS
LASAGNE
L. ASAGNE
MENS TEIS
Asda Rewards

EAR W £0.90p
506308935439~ *2- ng
506?08313306 o1 37“
505717285817 &1 (D
301776036339 ol 13D
501026500050 6o
500010828094, o500
200010828094 £330
205/17285808 0D
505717201474 65 oo
209955602165 £1.2%D
505717212205 ¢2 75D
S TI013601 £4 80D

13601 £4.80D
- u13601 £4.800
LL$400047069 £1.3%5V
503466052024 £1.50V
761303990571 £1 .50V
007017711522 £2.950D
000002732570 £1.00D
000002300346 £0.600
501011590071 £2.40D
000002109190 £0.80D
505478149806 £1.10D
800158500104 £1.50D
500023712702 £1.50V
800109012495 £4q. 75V
500032801332 £2 00V
500032801332 £2 .00V
505931902416 £4.00D
505717208925 £1.00v
5057172302061 £2.00D
5057172302061 £2 00D
505919481351 £18. 00V

MULTIBUY SAYINGS

Pasta-Sauce 2f£3.90

Small Multip

Salad bowls 2f£3.50
QUAKER 2f£4.50

076l
2f£3.25 323L
1671
157L

-£0.50
-£0.75
-£0.50
-€2.90

YOU SAVED £4.2%

No. ITEMS SOLD 36

TOTAL
CASH
CHANGE DUE

TCH 4690 4529 2

L

il

ine at

lll

lilllllll

sda, C

home dél;v?ry or COI]

1/23

£88.02
£90.02

£2,00

II Illl ]
",Groceries
"6-8 UPPER WICKHAM _ANE
WELLING. KENT. DA16 3HE
020 82980047

NIC N EAS SP 77 £5.49

NIC N EAS Sp 77 £5.49
ILOYALTY CUSTOMER: 2661224294712

x%x 2 FOR 9xx -£1.98

:ALANCE DUE 19,00

CARD £9.00

Tetal number of items sold = 2

CHANGE £0.00

YOU _HAVE SAVED

[ S =t SN ——_--.._.—.

TOYAL DISCOUNTS 1 -£.1.98

**X*X*X**WW*WX*k***X**XWW*X*XX*W****X*X*

Carc Number ;2661224294712

Opering Balance 80
Poirts Earned : 9
Clesing Balance : 89

ORCK K AR KKK I K TR K KR KK KKK KKK KK KKK N KK K KK KKK

CUSTGMER RECEIPT
26/1( /2023 13:00:06
RECEIPT NO.:2443¢
MID: N XX45852

ALD: AQDO0000041010
MASTERCARD

XXOOC KXXX OO 5119
_PAN SEQ NO. 107

SALE | GBF9.00
TOTAL GBF9. 00

PLEASE DEBIT MY ACCOUNT
NO CARDHOLDER VERIFICATION
CONTACTLESS ~ .

PLEASE KEEP THIS RECEIPT FOR YOUR
RECORDS

AUTH CODE : R83262

CASHIER NAME: Umesh

C0801 T0O01 13:00:07

RECEXPT NUMBER:5932  STORE: 00774
VAT No: - 777947160

“THANK YOU FOR SHOPPING AT SUPERDRUG

Or-der wvours NHS

srescriptions onl ine

arid get them
del ivered TO your”
door forr FREE

https;//onl1nepharmacy.superdrug.com/

[TID: XXXX0372

260CT2023

-

5
A VO v -
TN -
N :‘: .\ N
L 4
, RS
.- NN
Fu“wﬁ.ﬂ\
N AN ‘Y‘\t&ri

m
%2\

“‘
Try
",Personal Upkeep
"Holland&Barrett

Southsoa 03504
11 Palmerston Road
Soutﬁsua P04 3PZ
Customer Receipt
111l 102 07-12-2023 15:33
Colleague: Allce

ix 047353 ®7.49 each £7.49
H8B ABC TO Z

“sub Total £ 7.49

—
—_— e —— —

il ToPy £ 14

Card: £7.49
wxx Qustoner Copy xxx
Visa OEBIT erxnxrxxxxxB719
A CONTACTLESS
Please debit my account

"" Amount: GBP .49
' Total: GBP 7.49

| CARDHOLDER DEVTCE VERIFIED

Please Keet ~eceipt
for your records

PTID: 33510506
MID: *x02124
T1D: xxx %8634
Date & Time 2023-12-07_}§i§§igg
TR oopE. T T 138556
SEE? CODE 874vtINX
AID: A0000000031010
App Seq e 99
Account On File Registration Details
Result: Registration successful
Token ID: 672384934

Code Rate NET VAT GROSS
20.0 20.0% 6.24 1.248 7.49
VAT REG NO: 211 727 395

Sign Up For Rewards For Life
https://www.hol landandbarrett.com

B R L

¢318ddc5-100e-4034-879f-542ec3bed0f 1

Yo
mi%ﬂtggﬂlness matters to us. Please spare 5
aid g, t0 have your say on how we did today
, ﬁyg chance to win a gift card worth
i 20, Your Wellnegs Q{our Say.

YourWellnessYourSay.com
B -¢”v€?""h5§§5u5

I;:l ‘;EEE.:'§’“=:|‘::l
L] -l.

",Personal Upkeep
"(\\)r
""W chanes y 'w m i ¢

!
N ” ‘l( o ocom

i \\& , _l ﬁ\/

asDA STORES L1D-

[ “'""""

wWW.ASDA . COM

AGER TAN DALLY
ql | ELES“ONL 01753, 574
‘ SLOUG

R.
Plllk ""8 gp. 009034 jE. A
1

Ry, 50547 3156929
\DPICQLI 501363560660
W

5 o ,
Q:' | T L,09089451478
5054070704431
'5407070443L
A WAS
05407041277
o . EAR WAS
My 505717285947
Ly o, 144529074085
lnL 50001574, /641
: LE 8719200704
‘ “ML[A 19200209 6
pkggerg 33820020476
> )000050409(2
FAQTA 505244916716
A§|A §690684004).-

HISCUr $690684003 1

PEANU1« 101776036339

SWEETS 100002721207

SWEETS 05717209190

HEETS 505_7172(13190

CAETS N5717 19190

ASCUlTs 1203592760

-(\, ATE Ot— 171720 4
0015952146

TE 761503990571
501122160264

504955602168

509955602168

it N1B296

;1451

U53934

15932100344

L 10090053215

4RAPS 505141357484

NGODLES §90G0L 33095

L[ 402590022772
CHEESECAKE

09955602504

i GER Q15003

;vum [ADELLA 503 P

( /ﬁNKFUH in 509 525000 :
il)ﬂ]"" INS 00842(‘: )‘ :( ,‘;
Hﬂ'\l IJBA(J 50 gggw ! :’
:'H [ BAG OB 1icray

4
(A0 ’03333
A follq .
L
;:(;du Revialtls e
H)/N l’v w U( ,

/‘s(’(l}ll ’ t/()lj('"" K ’v
a q 12
A 1

VW B !

(:2.00

s £1.29

181
fﬁ OOV
06900
g0
0. 990
). 20D
¢1.390
¢1.3%

¢0. 80D

co 790
VUL
£3. UUD
£1. 300
£1. 3OD
£1.300
£1.50D
£1.00r
£0.8L
£0.¢
£1
£1. .
£0.4du
£0.40V
£0.40V
£1 Al’ (
£i.:

£1.00D
£1.4%D
£2 604
£1.800
£1.80D
£1.50D
£1.70V
£1.00V
£1.00V
£712 .51

£0 .28V
£1 oy
P

]

SV lNU\

0. /0

oy T
",Groceries
"e

xxxfFor a chance 10 win £1,000! rxx
Please tel]l us how we did today at
wWww.tellasda.com

——— e ——

NS
T A )

ASDA STORES L1D.
Wi . ASDA .COM
MANAGER JOE TITLEY
TELEPHONE 02392 841800

PORTSMOUTH,
ST. 04583 OP. 009043 £ 43 IR. 0956
MOISTURISER 506014464245 £6 .00V
FACE SCRUBR 506014464281 £5.50V
TOTAL £11.50

CARD £11.90

TOTAL EPS £11.90
EPS NO. 7794
AID A0D00000041010
CT:80 CV:D99973497AA0768A
DEBIT MASTERCARD
*No Cardholder Verification
A/C NO. »%xxx xxxx xxxx 3570 0 C
TERMINAL No. 0015623076
AUTHORISATION No.210353
PayPass Contactless

17/04/24 17:18:58

CHANGE DUE £0.00

PLEASE KEEP THIS COPY FOR YOUR RECORDS

WU i

C# 2197 7854 ‘1368 6514 8694
] i ! i ‘ HE !

AN
Shop online «i Asda.com for easy
home delivery o collection_jn store

17/04/24  17:19.05

",Groceries
"v 5 "" |~ ) /\ N LS TR
R N Y
LTI e T LT
T iMlow S
nerstore
ANy questions Dl@us( vieit

Www. tesco. com/store-
\
VAT Number: GB 220 4%6;”41

! Aw23 F&F Shirt 3 Pack Ss Girls 12
Starter White 13/14 #00

Bte 3 For 2 -£3.76

I8F Shirt Aw22 3 Pack Ss Sli £10 .00
White 14715

Bts 3 For 2 -£3.12

~ F&F Shirt Aw23 3 Pack Ss Bovy £10.00
White 14/15

Bts 3 For 2 -£3.12

1 Ss23 Ff Shorts Carol Short £16.00

Hou Multi 6
tlas £16.0000 Now £6.00 -£10.00
) Ss23 Ff  Shorts Utility Short £18.00

L Blue 6
\las £18.0000 Now £5.00 ~-£13.00

Nestle Kitkat Milk Chocolate £3.50
Cereal 3309
Cc Cereal -£1.00
Mini Danish Selection 5 Pack £1.75
Cc Danlsh Pack -£0.25
f{o;;;: ________ £71.25
-£34.25
r dlngS
- Cromotions: ___jf??_?j
L TTTTT £37.00
OT&ééd £37.00
“lubecard points earned: 37
~ lubcard points balance: 20%-
/’ /isa Credit
AID: AQOCOO0ANILTAD
mber: KHKKKKKKKKKKDDVN L
N $eq - N
‘a1 sequence NA:
thorisation code: O0ELAN
""
rohant: PRI
by e NCY Tf\t | d ?]( )0 TeS(IO g -f ard
",Groceries
