receipt,category
"Mandarin Uriental
66 Knightsbridge
London, SWIX 7LA

Boulud

Check: 969513 Table: 24
Server: Guillaume Guests: 4
Terminal: 96

eg
1 Flower Martint 8.50
2 Stone Go To IPA 12.00

€ 6.00
2 Gis Pouilly Fume 20.00
@ 10.00
1 Tartare Bouchon 5.00
2 Yankee Bouchon 10,00

@ 5.00
1 ADD EXTRA CHEESE 1,00

1 Saison Dupont 8.00
1 carafe Malbec 25.50
4 Bouchon 3 Course 96.00
@ 24.00
1 Cheesecake 0.00
1 Toffee Boucho 0.00
1 Souffle Bouchen 0.00
1 Mandar in&Choco 0.00
Subtotal 186.00
Service Charge 23.25
Tops 209,25

VAT No 684 926086
VAT 20%

",Eating Out
"~

STARBUCKS Store #9476
8021 S. Harlem Ave.

_ Burbank, IL (708) 598- “8523
CHK 787882
05/05/2020 10:19 AM
2660668 Drawer: 1 Reg: 3

Drive Thru

Order
Tl Carm] Frapp 4.25
Southwest Veggie W 5.45
Reload Card 11.00
Subtotal $20.70
Tax 9.75% $0.95
Total $21.65
{Change Due $0.00
Payments
Sbux Card 10.65
XXXXXXXXXXXX6035
Cash 11.00

| ceceseeeeee Check Closed ---------------
| 05/05/2020 10:19 AM

q
SBUX Card x6035 New Balance: 0.35
Card is registered.

4 Join our loyalty program
/ fii C+arhiicks Rewards “twaspoisoned.com
",Eating Out
"LOWDON XXXXXXX
TEL: 020 xxxx xxxx.

THL-1
REG CLERK 17-08-2019 13:09 ogogg

TABLE W:22
1 FRESH ORANGE £3.50
1 TAP WATER
1 PERONT £3.50
1 FALAFEL & HUMUS STARTER
£4.50
1 CHEESE BOREK £5.50
1 LAKB SHISH SHL £6.00
1 CHICKEN BURGER £8.50
7 No
TOTAL £33.50

THANK YOU
genvivl CHARGE NOL ENCLUDED
",Eating Out
"| BELGIAN BAR + KITCHEN

62 Elm Grove Southsea POS 1JG
VAT No. 244867867
4 Company No. 09961928

, Tab Name : 5
| Covers :2
Receipt # : 18495
Printed : Fri, 20 Oct 2023 23:57:06 +0100 [1]

1x 2/3 Frull £5.95
2 x 2/3 Corsendonk Pater £13.00

Pr ertenrems: ace eee es am teehee tenet a ctr en

SALES TOTAL £18.95

4ET SALES £15.79
TOTAL TAX £3.16

TO PAY £18.95

SERVICE CHARGCLS ARE OPTIONAL - ALL
TIPS GO DIRECT TO STAFF! DANKJEWEL!

~ —""s

ee

",Eating Out
"(he) BULLS HEAD

The Bulls Head
High Street
Repton DE85 6GF

01283 704422

Sarver: Niamh 31/10/2021
cashier: NFS

35/1 5:38 PM
udasts: | 140015
Freedom 4 Pt 4.00
viet Coke Pint 2.16
Caips _ 3.90
Macarani 5,50
Olives & Tomatoes 4.00
I3wa 12.56
Tata 32.20
Balance Due 32.20
VAT 4

9).00% Net; 3.33 VAT: 0.67

12.5% Net: 25.07 VAT: 3.13

HFEKEEE

wuw. thebul Ishead.co.uk
VAT No: - 902610370
",Eating Out
"Main Street Restaurant
6332 Business Drive
Suite 528
Palo Alto California 94301
575-1628095

Fri 04/07/2017 11:36 AM

Merchant ID: 9hqjxvufdr
Terminal ID: 11111
Transaction ID: #e6d598ef
Type: CREDIT
PURCHASE
Number : XXXXXXXXXXXX004 1
Entry Mode: Swiped
Card Type: DISCOVER
Response: APPROVED
Approval Code: 819543
Sub Total USD$ 25.23
Tip: 3.78
Total USD$ 29.01

Thanks for supporting
local business!

THANK YOU

",Eating Out
"Defune
34 George Street, Lendon

wie 70
Tel: 020 796 8311
cHKe 3 TBL# 109
Server # 1
OfO4 2019 1 agsis 2

Restaurant
1 Soe Beem Sachi
t Yellow Tait Sesh
1 Fattter Tune sas
1 Scallop Sashtat
1 Eat Sashial
20 6.40 Mise Sap
¥ bgecote
1 Soft Stell Crab
| Pree Tome
26 1.80 Groen Tos
' Shochikbat Sa}
gurotM:
Service Chasor
GucsaticeServer 140000000 --
TOTAL: £179.08

Setea-VAT YAT Rate YAT fat Total
15.00 DOK B20 151.0

THANK YOU
‘A DISCRETIONARY SERVICE CHARGE OF
168 WILL BE ADOED TO 10 YOUR BILL
WaT Nos 235 wat oo

aes. define.

",Eating Out
"ee

oo

Dukes Hotel
st James's Place

Customer Check #420698
Copy #1

Table #10 Covers :2
Open :02/09/2018 21:18

Item Amount

Oracabessa 20.50 oo
Kissy Suzuki 20,50 | a
Martinez Dukes Style 20.50 .
50m) Hibiki 17yr 26 .00 . a ion
Total Items 4 “a
Sub total $ 87.50
Service Charge ¢ 10.94 :
Sub total ¢ 98.44 .
VAT 20% § 14.58 4b
ew eww eee eee : ‘|
Grand Total OB A oat

Room : i ee

Guest:

sane (PMA

ee

Thank you for Visiting
Dukes Hotel ea NA
service Charge Included ~~. rea con

nh
",Eating Out
"/Siase- BE

Nusr-et steakhouse
101 Knightsbridge
» SWIX 7RN

1 Buratta
T Nusret salad

2 Nusret Sushi

2 Prawn Terpura Roll
1 Giant Tomahawk

HeseSsaser
BSssssse

| Kafes
1 Onion Flower

| Herb Crusted Fries
1 Sweet Corn .00
1 Golden Burger 100.00
1 Asado for 2 120.00
2 Nusret Baklava 44,00
4 0BL Patron Coffee 80.00
4 DBL Grey Goose 72.00
6 Turkish Tea 9.00
2 Coca Cola 18.00
1 Virgin Mojito 41.00
4 Red Bull 44.00
1 Eira Still 9.00
2 Coca Cola Light 18.00
‘ 1 Nusret Godfather 18.00
2 1 Elvira 18.00

Subtotal £1,576.00
15% Sevice Charge £236.40

Total Due £1,812.40

VAT No: 323585011

has been added to your bill.

4 discretionary service charge of 15%

Thank You!

",Eating Out
"Table #1

Fees esvesertrasantsasessavensersataartsest
TWININGS TEA 1.80
CUSTARD TART 1.0
CANNOLE 1.00
cores entessancsasevassassreereassceseetes
Sub Total 4,40
Tax suo 0.74

Cash
7:15 AM 20/05/2017 ANA
TOP FLOOR
THANKS - POP TH AGAIN SOON
WE ARE ALWAYS OPEN 24-7
ERAYED THE SERVICE., .
TIPS WELCOMED
VAT NO 137 6073 11

",Eating Out
"Re

ft 18 ne
the Punpat Rest our
‘90 Meal Streat. Covent Garden
wea FA

Tot 020 1836 978?
ed 7243 9973
vat no 233723377

TABLE U2
Iaasté 19:47

Oty Product Toto!
1 COBRA PREM 8.15

2 COE 4.30

2 PAPADUM PLAL 4.70

# BUTTER CHICKEN 10.75

1 CHICKEN TIKKA KASALA 0.50

t PILAU FICE 30

1 BULLET NAAN 3.65
Subtotal 4.35
Optional Servics 10% 4.04
Total uty. 39

Thank you fer choosing the
UK's Ofdost North Indian Restaurant
mmm. punjad.co.uk
snail: infoSpunjab.co.uk
",Eating Out
"Sorabe LOIN
“barhueks Chatham otat fon
11501451

Rt Natalta

nm ee we ee ee ee eed

sik A10 ~31Jan’ 19 07:39

mn coe
a Ma wk ee OA vn be OS 8 ba we ond ne ne Oh mk OMe tee ne wd me bet Ke beh ee OS De ee ee me Be me me ma ee a Oe ee

Take Away

1 Caramel Waffle78 1.45
1 Latte Cafe G 3.45
5p CUP 0.05

1 Latte Cafe G 3.45
5p CUP 0.05
Credit/Debit 9.35
1.30 VAT TTL 9.35
Net TTL 8.05
Subtota | 9.35
Payment 9,35

VAT NUMBER: 884 2579 78
Thank you. Please visit us again

en See GE ES ERS GD ERD ES Gee es ey ee Cree eee Gee OD Ge Se ee ee bom Oe Ot 888 eee Re Cer ee eee Oe
ae? Oa GREE GED GR GS ae NSD Re TE Ge OD OD OF ee Om Ve GR TE ee Ee On ee ee es nt fhe SR Eh oe

Select Service Partner

169 Euston Road, London NW1 2AE
Any comments, please visit
www .eatonthemove .com

",Eating Out
": fe gy aed 3 a oJ a j ie Aes \ ‘ev
INS Qo Re At oe way. rat Ceri
4 as k a Poe mot m~ ty —: 4s Cad ¥ ep hid

"" Lea hal . Sf ee wo # “tt SL, et, Mae S a y 4

af a

Peony?
ap Ee Bere 6 rem = reer
7. 2A a OL
Titacd ae Re LON-Pinner
py DA Ba VAT NO. GB275834273

4.

. ingen Alcohol Free Wine
‘oy Sie’ Loase Courgettes
Ae 0.27C kg @ £1.60/kg
OA Baby Plum Tomatoes
ie 2, y Peppers Mixed

cy e e Strawberry

DoF “fd Baby Button Mushroom

SACI ae Aubergi7e

oS Soe Blue Craese
Vina ays Original Tofu

° FP:

78, CA DT

aueas Medium Avocado
veers) Fun $123 Bananas
aS So Fresh Corn

‘, ° 3, mat . a
en Coconut Water
ae Cs Pitted Jlives ok3
ves Deli Seaded Rolls

N ‘

So} Diced Cricken Breast

Noo
_
PO

art eae | ;
“ve Natural Yogurt

*y Em

ot Sweet Fotato Pakora

- voxy Watermelon
os: 3,326 kg @ £0.49/kg

——-— ~~ =

id oN BP we of od . of we “a raed oe a - - sae ee
=. N . i | ,* : ’ : we . .
+» , . - , i
ee ne tes t S) we ome Gime . : .
te ¥ - 7%” > : ‘. -
a oo b \ ewe Olt oe’ * A ied
, - eo.
tL.
\ a ~ ~

",Groceries
"WATLTROSE

x

RPA OP INE BS

Shof tie kt h9%: U1 ele ee!

ditt dad tease: om/shet

V FYREE GINGER OLE
V FTREE LEMON TONTC WR

V RECCHIA BARDOLING

V SCHWEPPES BITTER LMN
GAL.BANI BUFALA MINI

GALBANI RICOTTA

GALBANI RICOTTA

WR ESS DOUBLE CREAM

PHILADELPHIA

SCHAR GF CURVIES

NATRNS wHLGRN CRACK

WR DICED PANCETTA

WR CI FLT LEAF PRSLY

NYBCO GF ORTG BAGELS

FREEE FFG FLOUR

wR F/R MEDIUM EGGS

WR LL LASAGNE SHEETS

WR LL LASAGNE SHEETS

WR LL LASAGNE SHEETS

ex Fever-Tree 2 For ra ®*
19 items

sy

V

Masterlard
AOR OOOO HOR ace] Q B94

CHINE

VAT SUMMARY
Hate Net VAY
UDA Oty te O.00
a OF, 10.33 ou?
hotals 35. 70 Oo AY?

“ft jedd

mn ws
e + i’

KPO Ty at HAN OS ANE 2
a ct e ¢ bd cn is!
(fy ois
",Groceries
"Addd YIHOLSN!

puggey Inné sop Tdlaval styy daay asvdald
BILAAY JAPpOUPIE Aq Pap sl Jan
atoLeoooononOY «IV

QIVEGN -AflOg UO! PeS| JOY NY
(dA0UddY

SSI LIV INOD JOUNOS

Cy'9ddd + (2401
ey'9 + Spoo)

‘uMOys junowe | e210} ay} YIM
nayigap aq [ [iM Juno9Ie INO,

41S |

O55 ‘ON 143
LOpZexek (QT [RULUWIe]
E/E/Eee GT JUPYIIB}_

00 ChObeuebkkbabbke 1J@quinN pl29
£2/p0/12 GE: OP 61
AALABII O} YSEM JOU OP NOA JT

“SHS JO audYd Aq NOA toRPas OF
Jaqunu auoyde|a} snoA asn Aew
ysnaj Jaourey aBeuga) 64xa} NOA Usyy
‘gBessaw aye) YIOMJAaU PIePUPYS BUN
snd yunove UaLyPUCP ayy ySoa syxay

eZ apeusp OD Esha, OL EIGN Carpe]
AN EMEP gasey nhpcay
pinites oe cof i] . | ;
ee oan Or ra
ae { 4 ‘ ft , e

.

5

f.

i

t

-
a

4

|

p""

",Groceries
"B&M Retail Ltd

SL1 4XP

SCRUB BUDDY/5 PACK £3.00
W. JASMINE 4PK/OII. f2.50
MULTIPURPOSE X4/BASKETS £3.50
3PK VASE SET/VASE SET £6.00
Total ( 4 items) £15.00
PAID BY

Cash £20.00
Change -£5.00

muse

25/10/23 16:13 OO00582 QUN3 1108
VAT No. 6/73 S836 01
NO REFUNDS UR EXCHANGES
WITHOUT A VALID PROOF OF PURCHASE
Check out our App on TQS oF Android Phones

OL /
",Groceries
"NU»
\
\
\

= Orange Juice Smooth

TOvas
Slough - Bath Road
VAT NO, GB350396897

Stil] Spring Water 3 x £1.75
Multipack Crisps 2 x £0.85
ChupaChups Bestof 10s
Kid Sweets Banana
Pars ley
Mixed Herbs
Milk Nut Chocolate 3 x £0.75
Chilli Multigr Snack
Micr Popcorn Salted
Strawberry Cones
Chocolate Cones
Pistachios
Apple Filled Caramel
Snack Mix 8 Variants
| Energy Drink Classicl5x £0.42
Split Pot Fruit Yoo
_Stracciatella Kugeln
~: L.Casei - Multifruit
Palmolive Milk&Honey

oy - tU% “7 7 ‘5 mR NON OO — wh
OH ~ KD LO DwWwWwhApPAWWhNN : oy
GBAHSSRVARHAGSASSGSOMNOAAGON SS?
et
rrr rrwwmwrwrorwrowmrrrurrnee

BaOWWeHAO mene eHE MoH BH HHH NOOOT TO

. _-.- CussonsPositiveV jibes
a <-> Ancient Grain Roll 6 x £0.32
ea Panini Roll 10x £0.92
ee Greek Yogurt 10% Fat2 x £1,89
a} Apple Turnover
ao Passionfruit Yoghurt
Lo TOTAL 54.32
aa CARD 54.32
*v< . #CUSTOMER COPY - PLEASE RETAIN RECEIPT
“RRS. Date: 23/10/23 Time: 11:06:47
gig MID: ##*12024 TID: ¥*#*2181
“Ss + TRNS NO: UK203305 156636296231
‘ Visa DEBIT AKAAKEKEEKK KSB | 2
; 40000000031010
Contact less SALE

Amount £54.32
Verified by Cardholder Device
APPROVED AUTH CODE 008112

VAT RATE SALES £ VAT £
A OX 26 48 0.00
B 20 ¥ 27.74 i""
2033 |S0b"" ll | | | 2 11:05

Enter survey: |id].co.uk/haveyoursay
& you can win £100 of Lid] Vouchers.

",Groceries
"| ate: @1yiiyee”

Portsmouth
VAT NO. GB350396292

£

Cereal Strawberry 1.49 A
Coupon Plus reward -1.49
Wensleydale Cranberr 1.99 A
Chili Cheddar ¢- j
It Antipast| Platter ih
1

we ee eared ee a a ee i ee ee

HME BORN ~ EL EASE RETAIN RECETPT
ee Time: 20:43:15

MID: «xx89982 TID: »exx0918

TRNS NO: A027 982519839294251 bo

KKK KEK KHREKOGEI(
f -

af oe t

i“ ne fu a ue an 1 , t . , '

4 “ eo ii f iy a
‘y uw “in ‘ : sat | COLE ii DASE SALE

, ) N ~ OO Ba ee tae et taartey Yr
+
vet
~*~

VEU a AUTH CODE 787326
SE DEBIT ACCOUNT WITH TOTAL SHOWN

TOTAL DISCOUNT 1.49

VAT RATE SALES £ VAT £,
A 0% 10.84 0

| You saved
£1.49 with Lidl Plus |

eee es Te eee ee

LLU Nl

ill
ey

Enter survey :~1 1d) .ca,uk/haveyoursay |
& you can win £100 of | iq} Vouchers

—.

",Groceries
"melon a chance Co win C1000 ner
Please tell us how we did today at
wen Cel Fasda. com

ASDA

ASDA STORES LID.
PERMANENTLY LOW PRICES
MANAGER PAUL TRAYNOR
TELEPHONE 01324 492400

GRANGEMOUTH
$1. 05868 OP. 009042 TE. 42 TR. 01981

BISCUITS 501003506929 £1.000

BISCUITS 501003506929 £1.000

SWEETS 906038426290 £2.50¥
TOTAL £4.50

CARD £4.50
TOTAL EPS £4.50
EPS NO. 3499

AID A0000000041010
CT-80 CV:54C648FBC7998291
Mastercard
#No Cardholder Verification
A/C No, exxx axax xxx 9789 2
TERMINAL No. 0015492952
AUTHORISATION No.292680
PayPass Contactless
16/09/22 17:58:35
CHANGE

- DUE £0.06
PLEASE KEEP THES COPY FOR YOUR RECORDS
«EHS SOLD 3,

un iit ih ii i il

howe delivery < or ‘allt in Store
16/09/22 17:58:4

Photo Sharing by
ThumbSnap.com

i)

",Groceries
"Ne
Primark
Portsmouth
121 - 135 Commercial Road, Cascades
Portsmouth, PO11BU
Tel 02392296911
GB 422160891
SALE
210857543 PLAIN CROOK:Black: 5.50
Total £ 5,50
AMERICAN EXPRESS £ 5,50
Card No. XR HK KK KKKH HZ BH 7
Merchant No. ¥##¥*H*7095
Auth No. 98
Ape. ID A000000025010901
Terminal ID HHRHIIOT4
PAN Seq No.
Source contactless
Verification not performed
Store :0632 Till:017 Tran: 132895

Date:18/10/2023 Time:13:53 Oper: 10507032

Items Sold: 1
Items Returned: 0

Primark Stores Ltd.
Primark House, 41 West Street,
Reading, Berkshire, RG11T2Z

PRIMARK
We'd love to hear about your time spent in
our store today, and in return you can
choose to enter our monthly prize draw to

be in with a chance to win a £100 gift card.

To give us your feedback, simply 90 to
wuW.tellprimark.co.uk, use the entry code
Provided below and complete a short
survey,

Survey entry code:
0632017132895
Entrants must be 18+ years. Each code may
only be used once. T&Cs apply. See
wwW.tellprimark.co.uk for full T&Cs and
Privacy Policy,

Sa

Returns
We are happy to refund or exchange items
purchased until 31/01/2024
See the reverse for further information

mA

eo ~
won
",Personal Upkeep
"-jarrods

Shop online at harrods.com

Harrods Limited
87-135 Brompton Road
LONDON SWIX 7XL
Telephone: 020 7730 1234
VAT Number: 629273423

CUSTOMER COPY

18/10/19 18:45 NTO131-001792
You have been served today by
son

537 0005808541 FINE WATCHES £2,670.00
TUDOR BLACK BAY HARRODS EDITION
STAINLESS STEEL AUTO BRACELET
SERIAL: 1964771
MODEL : 792306
CASE :3327
SOLD IN PERFECT CONDITION
14 DAYS EXCHANGE WITHIN THE WATCHES ROOM C/A

TOTAL (1 item) £2,67).00
Visa Debit Tendered £2,670.00
Card : Visa Debit

Ice 1 eee tee eee 9016
Auth Code = ::_:072512

Merchant ID : #**00262

Terminal ID: #**0353

PAN Seq. : 00
AID : A40000000031010
ceepteoran : 40/1AGBOBB45CBOFFC3
NT £2,670.00
Please debit my account as show

Cardholder PIN verified
Please retain for your records

HARRODS REWARDS DETAILS

Rewards No. KEIO

CONICET

00000801342792191015244

Open Monday - Saturday until 99pm
Sunday - 11:30an - 6pm
(browsing only, between 11: 30am 2 12noon)
Follow @Harrods on Instagram and Twitter
and share your #HarrodsMoments

",Personal Upkeep
"TESSS

Taplow Superstore it
Any questions please Vi""
www. tesco, com/store~ | a. 31
VAT Number: GB 220 4302 .

> Henry Hvr160 Cylinder Vacuum 8.00
Cleaner
£159.00 each
Was £159.00 Now £111.30 ~£I5 . 40
1 Tesco Happy Birthday Navy £1.25
Rollwrap 3m
1 Keep It Handy Elect: 1c Long £1.90
Lighter
1 Pantene Pro-v Miracles Colour £6 . 00
Repairing Shampoo 400m
Cc Shampoo | -£3.05
1 Fairy Lemon Washing Up Liquid £2.00
694m] .
1 Inkdrops Birthday Card Happy £2.00
2ist Birthday
2 Tesco Biological Liquid £6.84
Detergent Super Concentrated
1.81 60w
£3.42 each
1 Andrex Gentle Clean Toilet £11.85
Tissue Standard Rolls 24 Rolls
Cc Toilet Roll -£1.35
2 Budweiser Lager 10 X 440ml £22.00
£11.00 each
3 Birra Moretti Premium Lager £37.50
Beer Can 10x330ml
£12.50 each
Cc Lager -£7.50
1 Smirnoff Ice Original Vodka £12.50
Mixed Drink Can 4% Vo!
10x250m1
Ce Drink -£2.50
2 Stella Artois Lager 10x440m1 £20.98
£10.49 each
Cc Lager Beer -£2.98
Subtotal : £442.42
Savings: -£113.28
Promotions: -£113.28
TOTAL: £329.14
Card | £79.14
Cash £250.00
Clubcard points earned: 329
Clubcard points balance: 475
Visa Debit
AID: AQ000000031010
Peete. KR K I KIKI KKK AG?
Pan sequence no: | 00
Authorisation code: 010950
Merchant: 26284805

—— ee — = = _ -
—— - —~——m
mw wm ee ee ee oe

A chance to win a £1000 Tesco gift card
and collect 25 Clubcard points.
Visit www.tescoviews.com t's & c's apply.

mee ee ee ee ee - eee ee
TT re me ee ee

08d UL
~ TAl'X-MO33-NOWK

bee em a ee ee

",Groceries
"QT Low Lo LOD LOD

Portsmouth Superstore
Any questions please visit
www. tesco.com/store-|ocator
VAT Number: GB 220 4302 31

3 Sure Men Nonstop Protection £7.50
72h Antiperspirant 150m]
£2.50 each

Cc Antiperspirant “£2.29
Subtotal : £7.50
Savings: “£2.20

Promotions: -£2.29
TOTAL: £5.25

Card $5.25
Clubcard points earned: 5
Clubcard points balance: 58
Visa Credit

A0000000031010
Number : KREKKKKKEKKKH(I)H5
Pan sequence no: 00
Authorisation code: 215333
Merchant: 26284805

ce emcee me een ree ee ee tyre ee ee ee ee .

A chance to win a £1000 Tesco gift card
and collect 25 Clubcard points.
Visit www.tescoviews.com t's & c's apply.

al I a ee ee ene ee ao
belle

COCCI

—_— eee ee eee eee el al ee ell oe er elated elo
benedeni
~
_-—_ —

30/10/2023 13: 05 Store: 3048 Checkout: 071

",Groceries
"—— _f “te

LALIT,

Portsmouth
VAT NO. GB3503968692

£
Chicken Salad Sandwi 1.99 A
Thai Sweet Chi] i 1.49 B
TOTAL 3.48
CARD 3.48
KCUSTOMER COPYa © PLEASE RETALN RECE LPT
Date: 26/10/23 Time: 14:54:19
MID: x**88382 TID: *«*%**0920
TRNS NO: UK62748448820329923)4
DEBIT MASTERCARD KKK KR KKK RAK TOOT
AQ000000041010
Contactless SALE

Amount £3.48

Verification Not Required

APPROVED AUTH CODE 637381
PLEASE DEBIT ACCOUNT WITH [TOTAL SHOWN

VAT RATE SALES £ VAT &
A O04 1.99 0.00
B20 % |

0274 3/8

Enter survey: T1d1.co.uk/haveyoursay
& you can win £100 of Lidl Vouchers.

ee ae

",Groceries
"Loe ee oe .

eDe /

Portsmouth
VAT NO. GB350399092

Easy Platinum Bleach
Original Wipes
RecRefuseSack Tielop

6 Free Rg Large Eggs
Quilted TojiletTissue
Garlic Naan Bread

White Toastie

TOTAL

CARD

xCUSTOMER COPYx ~ PLEASE RETAIN RECEIPT
Date: 26/10/23 Title: 18:36:38
MID: x*x*x88382 JID; «xx%*0321
TRNS NO: UKO27481497994299231

DEBIT MASTERCARD EKEKRRKENKKKR IAD]
A0Q000000041010 |
Cantactless SALE
Amount £8.41

Verification Not Required

APPROVED | AUTH CODE 223109
PLEASE DEBIT ACCOUNT WITH TOTAL SHOWN

.
ae em ee me, em ww um see <0 ON me me ek ope ea OE net ee Pk WN te ne wt ot Mt wh ne ee ne we

(i PYewryr>wowwonm

H

CD ee oe a ee

Bi ysnunmor
- & Tt NOWOMOON

OO
i>
—-

Bi DOOR rHHO

VAT RATE SALES £ VAT &
A Of 3.09 0.00

B | h 9.32 0.89
027 | | “34

Enter Survey; lid} co. uk/haveyoursay
& you can win £100 of Lidl Vouchers.
",Groceries
"eoceemeees |) Core rs ©)
}
ps tad pC!
La” OW” «Ole LD” LT

Fret ton f«tivd
Any questlon: pled oe visit
www. tesco. con’ stor:
VAT Number: Gb 220) 4302 31

-locator

1 Disaronno Originale Lt Litre £26.29
Cc Liqueur -£4.29
1 Peps. Max No Suga Cole Bottle £1.35
2|
1 Fanta Orange al C2. 00
Subtotal : £30.10
Savings: “£4.25
Prom thons ; -£4, 25
TOTAL: C95. 95
Card £25. 85
Clubears points earned: 25
Clubcard J points bal ance 2 369
Mastercard Debit
AID: A0000000041010

Number :

KAKKK KK KICK KK IDO YL

Pan sequence no: 00
Authorisation code: 387959
Merchant: 206284805

Fr chance to win 4 e100 Tesco gift card
and collect 25 boar polits ,
Visit www. TescovT ows oon t's & c's apply.

Mai i It aon

ome em

4879 Checkout: 076

1-42.

",Groceries
"Sheil Fratton

Goidsmith Avenue

Por tsmouth Southsea

Stat No: 0415

P04 8BH

Tel: 023928624 3.

VAT: GR&64296/8s 1... 4,8
vat; GB235763255 ©

CUSTOMER RECEIPT

ARTICLE VAY AMOUNT
VELO POUCH FREEZE 3 £ 6.50
(1,00 * £ 6.50)
ELPRAR DISP WIRMLN 1 3 £ 7.00
(1,00 * £ 7.00)
SAN MIG! of a ARB £5.78
(2.00 > . 2.89)
~+ ec Beer2Fé5. 00 : -0.78
{ eee ee
pOTAL 7 18.50
Masterle £ 18,50
IPT
Termina! ID.: 05041599
Period no.:  , 2810
Transact !on ho.: 000029
Receipt no.: 0000293
Date/t ime: 12: 10-2023 23:38
|
MASTERCARD

12/10/23 23:38:16 |
Customer Copy

Terminal ID  : 96041599
EFT : 0000045166/0:00029/00000628 L0

Entry Mode : Contactless

Card Name : DEBIT MASTERCARD
seq, Number : OC

ATD : AC000000041010

App. Crypt.  : 0C41647DE4UD8B5F
XXXAXXXXXXAX 7221

Start date » 10/22

Expires 5 fb JK

SALE AMOUNT GRP 18,50
Response > OCO APPROVED

Aath Code : 771768

Verification : No CVM

Please retair | for your records

VAT type Net. VAT amount
3 20, ~ 15,4? £ 3.08

12-10-2073 23:36:6  415 054 0697110658
11-229711- /9/19330

Thank you for chousing Shel | 2 SY

",Groceries
"“i easy a Cs ne eee
na és “=p (""i ites ia
os

Meee SY Amy . Mo

Por tomouth Supep o tore
Anv question Dledare Visit
WwW . LeScu vom store locator

VAT Number: 220 4302 31
1 fonecent Bolt rrom Shue Jjice 2.15
330m)
Meal Deal £0.93
1 desea The Chicken Club €2.09
fandwich ,
Meal Deal £1.24
1 Hula Hoops Big Hoops Sal ted £1.00
Grab Bag 4by
Meal Deal -£0.43
Sub total: £6.00
Sav ngs: ~£2.60
Promo C} Ors “Ee. 60
IOVAL: £3. 40
Card ve 03.40
Clubcard voirits earned: 3
Clubcard points pal ance: 344
Vi sa Cre li t
ATD: , AQDODON0N0031010
Number ; | KAKKA KERR REXKOOOO
Par sequence no: 00
Authorisation code: 114706
Merchant: 26284805

h char e to wit 4 £1000 Tesco gift card

lhe or dbosndate.
rn bol.
t a
i all He
oo Ws 4h tl

ee te Chet

wy

ar)

",Groceries
"TESCO

aT La LO LOI LO

Fratton Extra |
Any questions please visit
www. tesco. conm/store- ]ocatol
VAT Number: GB 220 4302 31

1 Extra spearmint Sugarfree
Chewing Gum Multipack 6x10
Pieces

1 Pepsi Max Lime No sugar Cola £1.95
Bottle S00m)

-£0.47
Meal Deal |
1 Walkers Baked Prawn Cocktail | €1.00
Urisps Grab Bag 37.59
Meal Deal £0.
] Tasco The Chicken Club £2.8
Sandwich |
Meal Deal “£0.99
Subtotal : £8.20
Savings: ~£1.80
Promotions: ~ -£1.80
TOTAL: | £6.40
Card £6.40
Clubcard points earned: : 6
Clubcard points balance: 318
Visa Credit
AID: AQ0000000031010
Number : KEK KK KKK KKHOHH
Pali Sequence ic: 00
Authorisation code: 848096
Merchant: 26284805

A chance to win a £1000 Tesco gift card
— and collect 25 Clubcard points.
Visit www. tescoviews com t's & o's apply.

EE CO

9/10/2023 13-24 Store: 4579 Checkout: 075. |

",Groceries
"oy Opn
Lacy ult

Portsmouth —
VAT NO. GB350396892

Stil Mi ne val Water 6 £0. 39 2,34 B
TOTAL 2.34
CARD 2. 34
«CUSTOMER COPY ~ PLE PASE RETAIN RECLIPL
Date: 31/10/23 Time: 17;45
MID: *«x*«88382 TID: veal
TRNS NO: UKO27481499271304231
DEBIT MASTERCARD KKARKKKKKAK A |Z]
AQDOCO000041010

SALE

Contactless

Amount £2.34

Verification Not Required
APPROVED AUTH CODE 480303
PLEASE DEBIT ACCOUNT WITH TOTAL SHOWN

pal ile SALES £ Why

| MW | : il

0274 |
Enter survey: lidl.co, ukyhaveyoursay

& yOu | can win £100 of id] Vouchers rs,

ge ee

",Groceries
"TESCO

LO B07 £— LOD LIT

Fratton Extra
Any questions please visit
www. tesco.con/store- locator
VAT Number: GB 220 «302 31

1 Pepsi Max No Sugar Cola Rottle £1.80
2 |
{1 Disaronno Originale 1 Litre £26.29
Ce | tqueur “ha. 20
Subtotal : £28. 05
Savings: -£4.25
Promouy ons; FA. 2
TOTAL: £95. 80
Gard bes. 80
Clubcard points earned: 23

Clubcard points balance: ee ol

re eT i nid Pe a eel

Mastercard Debi t

AID: AQODOOYHOAILOLO
Nunber: KARRI KAARKKKKIDDY
Pan seguence 10: 00
Authorisation code: 406647
Merchant : 262848305

A chance to win a £1000 Tesca gift card
- and collect 25 Clubcard points.
Visit www. tescoviews.com t's & c's apply.

A im (CCN

2-1811-P PO32-VUA
sU/I0/ ""1973 19: 197 | store: ani Checkout: ives

|
",Groceries
"LOLs

Portsmouth
VAT NO. GB3503°63892

Butter Crois ssant O59
TOTAL 0.55 _
CARD 52
<CUSTONER COPYs - PLEASE REJAIN RECELP!
Date: 14/10/25 Time: i4:24:1-
MID: «xx883e2 TID: xxas0Sld
TRNS NO: UKO274844d8560825 7291 |
DEBIT MASTERCARD WReRRWNER TA LIT
Ad0000000041010

Contactless SALE

Amount. £U.55

Verification Not Required
APPROVED AUIH CONE Sb2T7e
PLEASE DEBIT ACCOUNT WITH VoTAL SHOWN

ane ~

VAT RATE SALES £& VAT &
A Ow Q.39 NEY

. Download tha Lidl Plus app
to save on your Next shop

ewe ee

mi

Mentor survey: Lid) .co uk’ Mavevoursay
g you can win £100 of Lidl Vouchers,

- me a ee i

",Groceries
"0
i! -j Cul P

Portsmouth
VAT NO. GB350396892

3
Chicken Mushroom Pie 2.69 A
Steak & Stilton 2.49 A
Pesto Green 0.99 A
Gravy Granules RS 1.15 A
Mashed Potato 0.95 A
Sugar Waffles 1.95 A
Matchmacker Mint 1.49 B
Bahlsen Waffeletten 1.35 B
Froz Yorksh Puddings 1.99 A
Salt &Vinegar Crisps 1.15 B
Beef Crisps 1.15 B
Himalayan Pink Salt 1. 89 A
19. 20
CARD 19.20
«CUSTOMER. COPY. - PLEASE RETAIN RECEIPT
Date: 03/11/23 Time: 21:44:23
MID: x««%*x24294 TID: «*x**Q321
TRNS NO: UK027481500168307231
AMERICAN EXPRESS KEKKR KK KK KA BES |
AQO0000025010901
Contactless SALE

Amount £19.20

Verification Not Required

APPROVED AUTH COLE 57
PLEASE DEBIT ACCOUNT WETH TOTAL SHOWN

nn As SALES &

‘yn 3 mt

34
Bas stirve. lid) eu serhavoyensay
YOU Can win £100 of a ‘Voucners

ee a cre ee eR ee

VAT &
36

Se oe,
OR ee ee,

",Groceries
"ALDI STORES
Dickinson Road
Fratton, Portsmouth

GBP

64196 Paracetamol 0.39 B
704573 CHICKEN FILLETS 2.29 A
20:18:31 03/11/23
Card Number: xxxxxxxxx«x« 7224 00

DEBIT MASTERCARD
Merchant ID: «*11713
Terminal ID; «««*«2844
EFT No: 0457

SALE

Your account will be debited
with the total amount shown:

Goods: 2.68
Total: GBP2,68

SOURCE : CONTACTLESS

APPROVED
Authorisation Code: 795111

AID: A0000000041010
Verification Not Required

Please keep this receipt for your records

CUSTOMER COPY

Totait 2.683
2 Items

Card Sales GBP 2.68
A 00.0% Net 2.29 Vat 0.00
B 20.0% Net 0.33 Vat 0.06

«0921 781/098/004/026 03.11.23 20:18

Thank you for shopping at
Britain's Best Value Supermarket
#AldiEverydayAmazing

Every day, seven young people
aged 13-24 are diagnosed with
cancer. If you can, support
Teenage Cancer Trust by
texting ALDI3 to 70490 to donate £3.
Texts cost the donation amount plus
one standard network rate message,
When you text, Teenage Cancer Trust
may use your telephone number
to reach you by phone or SMS,

If you do not wish to receive
contact, please text ALDINOINFOS

",Groceries
"» “CSC auf

al LO LO cor LT

Fratton Extra
MAY questions please visit
www. tesco.com/store- locator
VAT Number: GB 220 4302 31

1 letra Speal mint Sugartree £3.00
ihewing Gum Multipack 6x10
Dy Ces

(OTAL - “93. 00
Carel C3. OO
JOIN CLUBCARD TODAY
lhics visit you missed out on
3 Clubcard points
Hownload the Tesco Grocery &
Clubcard app, or visit
Tesco, ). com/cl beard

ee were bee we ee ee et ee mee ee es ee ee ee

Mastercard Debit
AID: AQO0G0000041010
Number: OOK IOK ERK 722 1
Poy Sequence mo: OO
Authorisation code: 5957/59
Mer Chiat: 26284805

— ee es

A chance lo wih a ,¢1000 Tesco gift card
and Goblect 25 UT ubcard points.
sit www. Cescoviews . Coll t S & C's apply.

HULA We

ANSI - AEKC- NOSS~SH

en

LT

—

af. (eas 20:22 Store: 4579 Checkout: “o7y

",Groceries
"TESCO

LOD LD KL LOD LD

Fratton tetra

ANY questions plecawe viet
Jaca lor

WWW. tesco Cans tore |
VAT Number: GB 220 d02 31

1 feseo The Chicken Club
Sandwich
Meal Neal
1 Evian Natural Bottled Mineral
Still Water 740ml
Meal Deal
lL Pringles Pop & Go Original
Snacks 40 G
Meal Deal
1 Glade Senee & Spray Holder 4
Refill Clean I inen Vem

Subtotal :
Savings:
Promotor:

TOTAL:
Card

Clubvard poirits ear ried:
C lubcar d polrits 5 bal ane Ie

Vie 5c Credit

ALN: AQUL
Number:

Pan sequence nu:
Authorisation code:
Mer-charit :

£12.45
“£2.05
£2. US

£10. 40

°10.40

10
213

WOOO? LOLO

KAAKAKRAKAAKE IO

00
491213

2264809

A chence to wih a 1000 Tesco gitth card

and collect 25 Clube ald pols,
5 PTY

ONL

Viet WWW , lescavlews. com tlie Boo

HN wn | In

03¢4-CZ
aty/ 11/202 vari Clore:

4519 Chuckutt: 014

",Groceries
"7 |
/ ~~ Zi \
.
j
DORTSHOLT! ih VERNATIONAL
| Fagr CENTRE
47-43 FRATTON ROAD
| PORTSMOUTH, PO1 SAB
|
|
P1SHWAR REG pos 1
GATURDAY 4 NOVEMBER 2023 16:35 — 00026/
""DAIRY £0.69
DAIRY £0.89
DAIRY 25.19
3 No
| TOTAL £6.77
MANUEL CARD £6.77

|
\

VAT NO : 251 781 110

Tharks for your custom !
TEL 02392 177420

",Groceries
"\
|
Portsmouth | |
VAT NO. 68950396892

Mozz &Pesto Focaccia | .
Gingerbread Plalt 0.6
Pretzel 0.99 A
Maple Pecan Plalt 0.65 A
TOTAL ) [ 2.08
CARD ‘ an 2,86
<CUSTOMER COPY PLEASE RETA N RECEIPT
Date: 2411/28 , Time: 13:41:48
MID; x*x8838 TID. ««*x0321
TRNS NQ: pozTasoeznaoeae

Visa DEBIT ye ex AAGTIO
AOUOCOO00S1010 , HL a ee
Contactless. 40. fF Be) SALE

Anount’ £2.88 , Oo
Verified by (ard der- Device | ve
APPROVED UTH OBE 624443
| PLEASE: b EBIT. ACCOUNT, with Ls L: SHOWN

nN
+ ‘
we et en a tee Ng rr ~N . x we ey tA ae
— ad

VAT RATE - u. ° SALKESE. OVATE
A Ok ee “2.88 | 0.00

'

a ee er eta ae uae we Sek. Ie adie Ti ol EE sot. Eiken Ud ES ‘
me ee ee a ie are

4 Down! oad the Lidl Plus ‘app | |
a to save on your next shop

ee me or en eae en OT Ge ne ted en eh ‘
we eet
be ee ate

Enter survey: lid] .ca.uk/haveyours
g you can win £100 of ial Vouchers, oY
",Groceries
"a, 2 ar
\ bye SL? i} “4

Portsmouth
VAT NO. GB350396892

£
Kid Yogurt Frui (Tube 1.29 A
Espresso taechlato 0.69 A
Pretzel 0.59 A
Move &Pesto Focaccld 0.99 A
Reston Creamboughnut | 0.69 A
Al | putter Croissante | x «£0, a) 1.10 A
TOTAL. | / 9.27 —
CARD o.2/
<CUSTC TOMER ¢ opys PLEASE RETAIN RECE LPT
Date: 22/11/23 Time: 13:50:49
MID; «x*88382 TTD; «««x«0321
TRNS NOQ: K0274815048443262' |
Visa DEBIT ome weK ke KOTO
AGO0000G031010 !
Contactless SALE

Amount £3.27

Verified by Car dho | der Davice

APPROVED AUTH CONDE 943687
PLEASE (DEBI I ACC OUNT WITH TOTAL SHOWN

VAT RATE SALES e VATS

i | d | ii

netor survev: “Val. OO, a Thavevoursay
& you can wih e100 ba PAT Vouchers.

9

‘ =

",Groceries
"TESCO

CO LO LOD LOL

Fratton Extra
Any questions please visit
www. tesco. com/store- locator
VAT Number: GB 90 4302 31

{ Burton Variety Bag Biscuits 16 £2.00
Pack 317.69
TOTAL: ¢2 .00
Card €2.00
Clubcard points earned 2
Mastercard Debit
AID: A0000000041010
Number : KIKI KAIIAKT QD
Pan sequerice no: 00
Authorisation code: 513201 -
Mercnant : 26284805 =

ade
wae ee oe ee eee ee eee

A chance to win a €1000 Tesco gift card
and collect 20 Clubcard points.
Visit www.tescoviews.com t's & c's apply.

ewe we ee me re mee —_ me 4 a ee oe
eee eee _
—_ -_:

TT

on ee ee ee ee
con ne ee ee me ee em ee
os ee ee ome me
on ee ee
_—_—— os

28/10/2023 16:26 Store: 4579 Checkout: 171

",Groceries
"omer

Portsmouth
VAT NO. GB350396892

Lost in Moz aic 5.0% 1.79 B
Single Hop « itra 5% 1.79 B
Hot & Spicy Burger » 2.49 A
Pick Up Mini ‘s 2.19 A
Carrot Cake Slicc- 1.05 A
TOTAL 9.31
CARD 9.31
xCUSTOMER COPY« - PLEASE RFIAfN RECEIPT
Date: 10/11/23 Time: 21:06:35
MID: «xx88382 TiN: »+) 2G
TRNS NO: UK0274825248025 14°""!

| DEBIT MASTERCART) KAKREKRERRA KIO
A0000000041010
Contactless SALE

Amount £9.31
Verification Not Required

APPROVED AUTH CODE 031836

PLEASE DEBLY ACCOUNT WITH TOTAL SHOWN

VAT RATE SALES £ VAT £
A O4 9./3 0 40

B 20% 0

eta

—_ a . a

)

1:05

fuga

Enter survey: lid} .co.uk/haveyoursay
& you can win £100 of Lidl Vouchers.

i OS

we
nnn ia ee

",Groceries
"i"" ‘ Di
Slough - Bath Road
VAT NO. GB350396892

Still Spring Water 2 x £1.79
Medjou] Dates stone 2 X £3.99
Squashies Cherry 3 x £0.99
Beetroot Salt Reduce
XXL Salted Pretzels
Roasted&Salted Peanu
Mini Butter Stollen
Olive Snack Mix/
BBW Peanuts
Macadamia Snack Mix
Paprika Peanuts
Apple Filled Caramel
Strawb Greek Yog |
Kinder Maxi King ‘
ChewingGum White Tce
Lotus Hand Wash jf
Baby Plum TomatoeS 2 x £0.99
Seeded Red Grapes '
Premium Oranges
Iceberg Lettuce
Bananas Loose
0.748 kg @ £0,99/kg |

~~ wee ee = ~

OO — DN — BD SH HS HM SAND MK NNE DS ODN ~ OD
“sia mMninpmNwWUhWWWWOAWORWWOM
PASSSSSHHDSSHGHHHSHESADBS
>PErprrwwwmrmnmnrworruorr arom

SlippersGrey 44 45 0424740 4,99 B
Low GI Roll 6 x £0,32 1.92 A
Pain aux Raisin 3 x £0.65 1.95 A
Choc Hazel Croissant2 x £0.65 1.30 A
TOTAL 57.88
CASH 57.90
CHANGE -Q 02
VAT Oy SALES £ VAT £
A 5 nf

. gid ANN lL

Enter Survey. lid] .co. ‘k/haveyoursay.
& yOu | can win £100 of Lidl Vouchers.

ne eee

",Groceries
"i

SLCUGH FOGOS EMPCRILM
303 HIGH STREET
SLOUGH, SL! IBD

TEL: 01753 517965

MANAGER SALES Titt-]
MONDAY 6 NOVEMBER 2023 19:34 000433
2.108kg GE1.99/kg
CABBAGE VACUMED £4.19
Dr .Oetker Sekerli Vanil' £0.99
Dr.Oetker Sekerli Vanil! £0.99
Dr Oetker Seker!i Vani! £0.99
Dr.Oetker Sekerlti Vanill £0.99

Istanbul Combi Cheese800 £3.99
Ulker Petit Beurre Biscu £4.99

—
|

Tanay Ceyion 5006 £5 .99
Podravka Vegeta IKg £5.99
Seyidoglu Heiva ”60 tah £3.49
0.41kg @€3.99/kg

PEPPER GREEN TURKIS £1.64

Grocery £18 .00
3 x £5.99

Grocery £17.97
0.032kg @£7.99/kg

CHILLIES GREEN £0.26

16 No
TOTAL £70.47
Cash E80 .00

CHANGE £9.53
",Groceries
"SLOUGH FOODS EMPORIUM
303 HIGH STREET
SLOUGH, SL! IBD

TEL: 01753 917965

| MANAGER SALES TiLI=1
| MONDAY 6 NOVEMBER 2023 19:34 000433
2.108kg @E1.99/kg
CABBAGE VACUMED £4.19
] Dr .Qetker Sekerli Vani li £0.99
Dr.Oetker Sekerli Vani li £0.99
Or .Qetker Sekerli Vani li £0.99
Dr .Oetker Sekerli Vani |i £0.99
| Istanbul Combi Cheese800 £3.99
Ulker Petit Beurre Biscu £4.99
Tanay Cey:on 5006 £5.99
] Podravka Vegeta 1Kg £5.99
Seyidoglu Heiva #60 tah £3.49
0.4ikg @£3.99/kg
PEPPER GREEN TURKIS £1.64
Grocery £18.00
3 x £5.99
Grocery £17.97
0.0382kg @£7.99/kg
CHILLIES GREEN £0.26
16 No
TOTAL EVO _.47
Cash £80 .00
CHANGE £9.53

",Groceries
"TESCO

LD LD AT TT

Fratton Extra
Any que tire. pleace visit
wi. tesce.com >tore-locator
VAT Humber: GB 220 4302 31

Lo of etroe Spearmin€ Sugar tee £3.00
Chewing Gun Maltipark 610

i vy: «
PIP@QLes

1 Keep Tt Harely Playin Cards ? £1.50
Pack
OAL : £4.50
Card £4.50
(Jub ated) pomites earned: 4
(dito dd potit. balance: 203
My tere ara eb t
hw A060000)041010
duiibet : KKKKKEKEKKERK IZZY
Pear “CHU MO! 00
tho ioatrorn code: 617087
Mest cbucatit: 26284805

A chance to wins a £1000 Tesco gift card
, and collect 25 Clubcard points.
Jiort www. tescoviews.com t's & c's apply.

TT

EK2-NO34-3

.

-_——— oo

we DP LU23 Y7AG Store: 4579 Checkout: O71
",Groceries
"€
cal ;

Oo
nem,
Portsmouth
VAT NO. GB350396892
£

Skin on Fries 1.39 A
Lemon & Hert Basa 2.7/5 A
Dried Mango 1.45 A
RollOn Deo Fresh 0.79 B
Organic TurmericShot2 x £0.99 1.98 B
Mouthwash Assor ted , 0.99 B
Premium Oranges 0080137 1.69 A

un Size Bananas 0080005 0.88 A
TOTAL 11.92
CARD 11.92
ACUSTOMER COPYx - PLEASE RETAIN RECEIPT
Date: 22/11/23 Time: 13-38: 40

ID: *x*§83g90 TID: «xxxQ920
TRNS NO: UK027484493925376031
Visa DEBIT AAKKKKXKKEERGEEB]
A0000000031010
Contact] ess SALE

Amount £11,992

Verified by Caruhol der Device
APPROVED | AUTH CODE 004356
PLEASE DEBIT ACCOUNT WITH TOTAL SHOWN

i a

VAT RATE
A

I20/
Enter Survey: lid].
& you can win £100

ON . . §

|
",Groceries
"ee

Portsmouth
VAT NO. GB350396892

Melon Medley 1.99 A

DISCOUNT 60% -1.20
Tortelloni Ham Chees 1.59 A

15% off Chef Select Fresh -0.24
Reduced Fat Coleslaw 0.69 A

DISCOUNT 30% -0.21
Flexi Loop Carrier 0.30 B
Pigs in Blankets 1.99 A
Gouda Slices 2.99 A
Basil! Pasta Sauce 0.99 A
Hot & Spicy Burgers 2.99 A
Pigs in Blankets 1.15 B
Persimmon 0080656 0.49 A
Plain Brioche Buns 1.05 A
White Toastie 0.75 A
TOTAL 14.82
CARD 14.82
xCUSTOMER COPY. ~ PLEASE. RETAIN RECEIPT
Date: 22/11/23 Time: 19:44:20
MID: «xx88382 TID; *%x*1472
TRNS NO: UK027486 125533326231
Visa DEBIT KKK EKRKKKKKEKGOHH
A0000000031010
Contactless SALE

Amount £14.82
Approves by Cardholder Device

AUTH CODE 433
PLEASE DEBIT ACCOUNT WITH TOTAL SHOWN

TOTAL DISCOUNT 1.65

VAT RATE SALES £ VAT €

A 0 % 13,37 0.00

B 20 ¥ 1.45 0,24
You saved oo -

| £0.24 with Lid] Plus

ee

027 3
Enter survey lid] .co.t ,
g you Can win £100 of trae

ek a I TN Se at ~ a
eee

",Groceries
"xeaL Or a Chance bo WIN £1,000! «ars
Please tell us fiow we did today al
www. tol lasda. com

[ASDA
ae

ASDA STORES LIN.

WoW ASDA .COM

MANAGER TAN DALEY
TFLEPHONE, Re ‘92401/

ST. 04154 OP. onb033 if. 33 TR, 03304
APPLES 5054 78149128 g1 39D
PEARS 505244989454 £1.50D
SHEET POTALO 905085441478 SO gon
SALAD KLI 505/71 /289817 1. 15D
SALAD BOWL 5059/1723 LO41L ¢2 00D
SAL AD BOWL 5057172310411 £2.00D
CABBAGE 026 /60100125 £1.250
SPACHE TIT 000002104:306 CO.75D
BITE. 505085453987 £1.10D
BITES 5505762486 794 €1.75D
CHOCOL ATE 1613039905 /1 £1.50V
DIGESTIVE 000002114806 £0. 85V
BISCUITS 301776036339 1 25V
BURGER 509955602168 €1 55D
CHEESE. 762220169391 £1 .25D
COOKED MEAT 505717212205 x2.00D
LETTUCE 000002300377 £0. 700
SALMON 505407013601 £4. 48D
SALMON 505407013601 £4. 48D
WATER 505478156925 £2 .00V
CEREAL 505931902416 ¢4.00D
TOMATOES 506308929539 £1. 00D
NANDOS 60377000917 £1.750
NANDOS 6000377000917 €£1.75D
ASDA BAKE 3000027325 70 £1.00D
W MILK 4 PT 000002033216 £1 .45D
W MILK 4 PF 000002033216 ¢1.45D
SYRUP 501011590071 ¢2.40b
LG SAUCE 500035416854 £1.75D
DOLMIO SAUCE 400235964223 £1.75D
DOLMIO SAUCE 400235964470 £1. /5d
LG SAUCE 500035416854 £1.75D
SUGAR 501006730150 £1.19D
REDUCED TO CLEAR WAS £2.49
MINCE 505717287193 £1.49D
REDUCED TO CLEAR WAS £2.49
MINCE 505717287193 £1.67D
REDUCED TO CLEAR WAS £2.49
MINCE 505717287193 £1.49D
REDUCED TO CLEAR WAS £2.49
MINCE 505717287193 £1_49D
REDUCED TO CIEAR WAS £2.49
MINCE 505717287193 £1.49D
WATER 505478156925 £2.00V
WATER 505478156925 £2 .00V
YOGURT 402550025096 £1.750
Asda Rewards -€2 00

Asda Rewards

MULTIBUY SAVINGS

Salad bowls 2f£3.50

16/7

-£0 .50

YOU SAVED £0.90

TOTAL
CARD
TOTAL EPS

EPS NO. 28138

AID AGOOOONNG3 1010
CT-80 CV:03B91A56182AE38C

Visa DEBIT

xDevice Verified

A/C No.
TERMINAL No.

0015618868

AUTHORISATION No .006947
Visa Contactless

06/11/23
PLEASE KEEP THIS

No.

09:30:35

CHANGE. DUE

ire fal

[CH 3492 (4

Ki

Ml

» onl

wilh

Noy

96/11/23

Wil

INL

COPY TOR

aoe

Wl

|

; Asda. com f
home"" livery oe cal lection. in Store

09: 30 : 43

£67.41
£67.41
£67.41

KEKK XKRK xxaK 1258 1 C

£0.00
RLCORDS

iN

",Groceries
"Re Dar
Portsmouth

VAT NO. GB350396892 ;
Buttermilk Burgers 2.49 A
; DISCOUNT! 30% -0.75
Filtered Milk 2 1.59 A
8 Satisaye Rolls 0.95 A
Seeded Briache Buns 1.05 A
Tceberg Lettuce 0.67 A
All But ter Ceolssant2 «x £0.55 1.10 A
Still Mineral Water 0.39 B
TOTAL 7.49
CARD 7.49
ACUSTOMER COPYa ~ PLEASE RETAIN RECEIPT
Date: 08/11/23 Time: 16:20:56
MID; xx*§8382 TID: «x««*1472
TRNS NO: UKO274861230374 122314
DEBIT MASTERCARD BRA IKK EK RE K KK TID |
AO00000004101u
Contactless SALE
Amount £7.49
Verification Not Required
APPROVED AUTH CODE 378182
PLEASE DEBLT ACCOUNT WITH TG1AL. SHOWN

TOFAL DISCOUNT 0.75

VAT RATE SALES £ VAT &

A Of 7.10 0.00

B [ % 0.39 0.07

0274 / 11.2 9 |
Enter survey: Tid}. co. uk/haveyoursay

€

& you can win £100 of Lid] Vouchers

—_ ~

eo
",Groceries
"MANAGER
MONDAY 6 NOVEMBER 2023

SLOUGH FOODS EMPORIUM
303 HIGH STREET
SLOUGH, SL1 1BD

TEL: 01753 517965

SALES

2.108kg @£1.99/kg

Till-]
19:34 000433

CABBAGE VACUMED £4.19
Dr Oetker Sekerli Vani! £0.99
Dr .Oetker Seker!i Vani £0.99
Dr Oetker Seker!i Vani! £0.99
Dr Oetker Seker!i Vanili £0.99
Istanbul Combi Cheese800 £3.99
Ulker Petit Beurre Biscu £4.99
Tanay Cey:on 500G £5 99
Podravka Vegeta IKg £5.99
Seyidoglu Heiva 460 tahi £0.49
0.41kg @£3.99/kg
PEPPER GREEN TURKIS £1.64
Grocery £18.00
3 x £5.99
Grocery £17.97
0.032kg @£7.99/kg
CHILLIES GREEN £0.26
16 No
TOTAL £EYO.47
Cash £80 .00
CHANGE £9.53
",Groceries
"MOF LOD LOD LOI LOT

Fratton Extra
Any uentiotes. pleace visit
www. leo Oo. Com/.s Lore - locator
VAL Number: GB 220 4302 31

| Leth Spearmbl oodar Te ae £3.00
Chicwit Wy Guam Merl tipeack «10
Pr Pedceas
) Keep it Hardy Playing Cards 2 £1.50
Pack
Li TAL : £4.50
Card £4.90

Clubcard poitits earned: 4
Cidbocard poluats balance: 203

Mee ver card Debit
hily. AONCOOU0D041010

Mlamnben: KK RK KKIKKE KK TI QO T
Pam cequence no: 00
thobisation code: 617087

Merchant: 256284805

A chance to win a £1000 Tesco gift card
and collect 25 Clubcard points.
vioit www. tescoviews.com t's & c's apply.

TEE

459 SH
oe Py VO 2 3 LAG Store: 4579 Checkout: O71

INCI

ry
)

",Groceries
"ALDI STORES
Dickinson Road
Fratton, Portsmouth

GBP
608554 XMAS CHOC CHARACTE 2.49 B
Total ?_a9
1 Items
Card Sales GBP 2.49
2.08 Vat 0.41

B 20.0% Net , , ~ ;
*0483 781/098/008/801 03.11.23 16:37

ou far shopping at
sritains Best Value Supermarket
#A] di EverydayAmazing
Every day, seven young people
Aged 13-24 are diagnosed with
cancer. If you can, support
Teenage Cancer Trust by
texting ALDI3 to 70490 to donate £3.

a a

— me ee we eee ee ——
SS thee me at we ee

ae Texts cost the donation amount plus
one standard network rate message.
When you text, Teenage Cancer Trust

may use your telephone number

y to reach you by phone or SMS.
If you do not wish to receive
16:37:12 03/11/23
00

Card Number: xxxkaxxxaxxx7 221

DEBIT MASTERCARD
Merchant ID: *«*11713
Terminal ID: *xxx3845
EFT No: 0446

SALE |

Your account wilj be debited |
with the total amount shown: |

Goods: 2.49
Total: GBP2.49

SOURCE ; CONTACTLESS

APPROVED
Authorisation Code: 640385

AID: AQ000000041C10
Verification Not Required

Please keep this receipt for your records

CUSTOMER COPY
",Groceries
"SNTA30N01 LG PORTS

Unit 13 an net oe

Por i * Portaaouth ”
aon

Pens
var oe SE

Store; 1p0a4
Bate: 21/10/23
Micket: 115029.
Satesperson:

19285,
cashier: nasa?

Conamer: Finley muthall

ten Qty Price
TPE 3 SHERPA TRUCKER TELEVISION bry
1636S01620XL 64.00 50.40
waists XL
tength: -
40% Gft for Stare en 33.60
Total 0.40
Tacs Taxable Ant. Tax aat,
208 50.40 8.80
Visa 50.40
veesnnesen 46088
auth #: 023197

Transaction Type: Sale
Auth Time: 18:14

Change: 9.00
aeoeessaseraseassaracatceasessinneceessees

You have saved 33.60
obssasencecessessnsersecesstitenste

On purchases wade between 16th October and
24th Deceeber 2023, Levi Strauss will
refund or exchange ummor itess {with
Tabets attached) to the value stated on
your receipt, as per the original mattod
of payrent, until t4th January 2024, This
applies to full price and sale Itexs. From
26th Decenber 2023 the policy reverts back
to 28 days for full price and 7 days for
sale (tens.

Without a receipt, Levi Strauss will
offer an exchanga to the value of the last
selling price.

Alternatively, you can exchange the ites
for store credit or Levi's Gift Card.
Please note: Outlet products can only be
returned to another Outlet store.

Levi's underwear is non returnable. this
does not affect your statutory rights.

gu uueay nU

Consumer Copy

",Personal Upkeep
"“SS

TMD
big labels, smal} prices
unit 100-104, Gascades Shopping Cuntre
Portsmouth “
Tal: 02392 ea509 VAT No 662 5635 24

Sale
ACCESSORIES & LIFESTYLE
34/63 087419 me

S SUBTOTAL £9,

TOTAL 53 ‘8
Payment Card £999
MID: XXX03403 TID: XXxx4496
CONTACTLESS

Visa XXXX XXXX XXXX 3115 0
—fatthrNo:-089402-PON: Gb-Reeeipt: 129322
AID: AQGG0000031610 SALE: £9.
#¥CONSUMER DEVICE VERIFICATION#*
Please debit my account
Please keep this receipt for your
records
Refund or Exchange ayaflable unti]
19/11/2

99

For Christmas gifts, exchange or gift card
avaliable until 93/01/2024.
-Exctastuns -appiy see-over teat for-detatis:
Please retain for your records.
Store: 0329 Register: 00002 Tran: 3699
(per: 2179 22/10/2023 15:50:52

cay gat

wa Sep

Dia

",Personal Upkeep
"ee.

Primark
121 - 135, Conmeretal Re
Portenouth, Pita
Tel 02392296911
GB 422160891

SALE

210844670 SPK INVISIBLE SOCK 4,00
Total
Visa DEBIT

Tard No.

Harchant Ho.

guth No. 078025

PP. 0000000031010
Terainal ID

a pal SAMRAZOT

ource

Verifteation — hvueviee

Store :0632 Ti1k:002 Tran:
Date: 22/40/2023 Time: 16:10 doen: tO88e370

Itens Sold: 1
Itens Returned: 0

Prinark Stores Lid.
Primark House, 41 West Street.
Reading, Berkshire, RGITZ

PRIMARK
We'd laye. ta,hear about your tine spent in
our store feday, and in return you can
choose fo enter aur aonthly prize draw to
be in with @ chance to win & £100 gift card.
To give us your feedback, sinply 90 to
uuu. tellerinark.co.uk, use the entes code
provided below and complete a short
survey.
Survey entry code:
063200223

Entrants must be 18+ years. Each code may
only be used once. T8Cs apply. See
uuw.tellpelaark.co.uk for fut} T&Cs and
Privacy Policy.

Returns

Ue are happy to refund oF exchange itens
purchased until 31/01/2024

See ihe reverse for further inforaation

THANK YOU

HANA

06320022350900001 402223003
\
a
",Personal Upkeep
"re QS
3 Rov’ 23 12:19 py ;

Portsmouth, Gunwharf Quays

Shop Nunber :376
Unit 79
Gunwharf Quays
POI 312
40368 Gulbeniz Y
WSsa: 1
CHK 124228
3 Nov'23 12:15 PM
iTAlced latte. 3.40 ~—
Visa £3.40
449332xxxxxx6342
Cold Drinks $3.40
Payment £3.49
Change Due £0 .00

eerencncnn Check Closed -----------
3 Nov'23 12:15 PM

www pret .com
TALK TO PRET
We Jove to hear your feedback (the good

the bad and the ugly).
",Eating Out
"f

RULES AD TIN LIE SUTIN it

dd Mtaae L

par

Sainsburys
allofus

PONT NTT STORK. MAL

tere ene

wider,
Dipteend

wee eke
eT Snr it ar)

Garfitael

PAR ot as AAMOCO SO TOLU

Mg on
Hie HAN anny
AGU Hay peauee
tin

Me CATO Be Yes sty gttees

Urata sua

Yidd: Adi tea> bOtay
eT Thee,
Ueansenen
VIET ACCTAR the FARE
POolnts ave 4
MEGISIER Al Nectar com

sateen bo whe OF
? 100,090 Nectar points
ibe rae tall ane teas we dtd at
lettce-know.com
AeRQeneiatensaancaaeaeeey™

| ALRASE KEEP FOR YOR HECRDS
Ha TREO TERMS AND COODTT LOS A

AQ

False ay ag ae ta
54485 Rs

the yeas fur ya atoll.

",Groceries
"ey

Sainsbury's

Good food for all of us
PORTSMOUTH COMMERCIAL ROAD LOCAL
02392 830759

Sainsbury's Supermarkets Ltd
33 Holborn London ECIN 2HT
www. sainsburys co.uk
Vat Number ; 660 4548 36

PAIN AU CHOCOLAT £1.00
PAIN AUX RAISINS £1.00
*BOUNTY SINGLE £0.90
*KIT KAT PEANUT £0.85
*LION BAR 50G £0.85
HARIBO STARMIX £1.25
& BALANCE DUE £5.85
Mastercard £5.85 -
contactless 1)))
(ICC) xxxexxaxxxx2001d
AIO: 40000000041010
PAN SEQUENCE : 00
MERCHANT ; xxx 1868
AUTH CODE: 700298
TIO: wexe 1164

No Cardholder Verification

CHANGE £0.00
EKER RARR AAA RARAKRAKKKKARRE KER EKA RAKAK
WITH NECTAR YOU WOULD HAVE EARNED:
POINTS 5

REGISTER AT Nectar .com
or download the app.

HRA AAA ERRAER AIR INNATE MATE MEER ERR E,

xexxx For a chance to win xx*xx
100,000 Nectar points
please tell us how we did at
lettuce-know.com
ERKKRAKAARERAREARERRERAERE

PLEASE KEEP FOR YOUR RECORDS
PUBLISHED TERMS AND CONDITIONS APPLY

OM

° eee 20:43:06 2sNov2023

thank you tor YOUR visit,

ee ee ae a, ee ae re
",Groceries
"CUSTOMER RECEIPT
PREMIER FRESH AND LOCAL
; RUNEL
et ROAD , PORTSMOUTH
93/10/2023 22:02:52
RECEIPT NO. 2401296
NID: XXX59634 TIO: XXXX9013
} A1D:A0000000031010
4 VISA DEBIT
| XXX XXX, XXXX 6342
4 pan SEG NU. 200

SALE GBP7 .98
TOTAL GBP7 .98
PLEASE DEBIT MY acCOUNT

CONSUMER DEVICE VERIFICATION
CONTACTLESS

PLEASE KEEP THIS RECEIPT FOR YOUR

RECORDS
AUTH CODE :075227

_
",Groceries
"——==«~x_=a_
MATTRE CHOCOLATIRR SUISSE
‘DEPUIS 1845

UK Portsmouth
Lindt & Sprungli UK Limited
Unit 2 Gunwharf Quays
PO1 3TN Portsmouth
Tel: 02392816605

VAT No: GB222400819

Hot Chacolate x1

CARDHOLDER COPY

30/11/2023
sa fine 19:42:07
= Card *«xx6342
= 00
Prof rane Visa DEBIT
= Card type visastandarddebit
— «© Payment method visa
= Payment variant — visastandarddebit
=| Entry mode Contactless chip
<i cVWMres. . —-VERIFIED BY DEVICE
ap 000000031010
SS MID 487530000324699
<a TID P400P 1 us-803580287
Ss PTID 62060109
= Auth. code 022215
= Tender COfV001701373327172
~ Reference 103-227
: Type GOODS _SERVICES
= TOTAL £ 4.00
=] APPROVED
3 Retain for your records
: Thank you
: Tax Gross Net
j A 20% £0.67 £4.00 £3.33
Maen a
Th .
1 TAL | | MT
{ ll |
ARC TENG
)

Date Time Store Pos Opr Rept
30/11/23 07:42 pm UKO4 103 104000227

Ask in store for our Lindt Difference
SOIT ITI ITT TIN IIT IS TSS I NI IIT I IL
Thank you for visiting
Hope to see you again soon
HK IR TK IKE III III III LIT III ITA III IIA
For all our store opening times
please visit www. lindt.co.uk

",Entertainment
"ted
Boots UK Lami
pORTSNOUTH © rou"" |
(02392) 15022 40:10
4/12/2023 A
Served by: Peace
11.49
Nvs RE sf Mstr 500 |
1.49
TOTAL 10 PAY eM 49
CARD SALES .
ADVANTAGE CARD STATEMENT a |
\ PLCK UP YOUR INSTANT ADVANTAGE CARD
\ You COULD HAVE EARNED 33p IN POINTS
Visa DEBIT AUTH: 059132
eR HHRERERERO SI
MID: xxx 41712 REF: 1 /00
19 :A0000000031010
»)

CARDHOLDER DEVICE VERIFIED.
YOU WILL BE DEBITED BY: 611.49
PLEASE RETAIN THIS FOR YOUR RECORDS

a net OC OO AL,

nn
2 | 34

wet

",Personal Upkeep
"+##for a chance to W 1 +t
Please tell us ton eS toy at

ASDA STRES LTD.

MANAGER WAYNE BAILEY
TELEPHONE 306760733

ST. 04924 OP. 009022 TE. 22 TK. 08840
JUICE DRINK 000002758354k £1.70V
WRAPS 505141348190K £1.100
BANANAS 5057 17228560K £1.090
BURGERS §05407050644K £3.500

EGGS 50003060032 $2.600
BAG FOR LIFE 5015244996 184 £0.30H
OTAL £10.29
TOR £10.29
TOTAL EPS £10.28
EPS NO. 5487
AID 400000000410
CT:80 CV: ST SZT2ACEDSF
DEBIT MASTERCARD
+#ho Cardholder Ner if ication
A/C No. #844 #083 #444 8810 oc

[>
TERMINAL No. 0014969713
AUTHORISATION No .MRS46R
PayPass Contact less
18/12/23 17:30:59
£ DUE £0.
PLEASE KEEP THIS copy FOR You ReaRDS
es st

i viii in

hose S00 Very or cal lect ios in store
18/12/23 W3

4a
",Groceries
"eestor a chance to win £1,000)!

Please tell us
wn ti e283 COM

ASDA STORES he

WAH. ASDA,
anne se OE They
TELEPHONE 02382 84
PORT:

eae

we did today at

SMOUTH,
ST. 64569 OP. 009025 TE. 25 18. 09460

ONKEN BEOPOT 7610900087354
Gu 40099005313:
ORIED FRUIT sosuorograak

FROZEN VEG — 505085426451X
HINCE PIES — 505141927018K
PIZZA $057 17220168K
PI2ZA 5057 17220168K
foc 1
BISCUITS 501
BREAD 505478156 12K
WRAPS $0514 1348190k
WRAPS 505141348190K
§09717201090K
AUBERGINE 15;

SAUCE S71
CURLMBER 5050854
PINEAPPLE
BATTERIES — 763890043764K
SWEETS $01047855347k
CHEESE 50830890 1S8SK
CHEESE 50630880 1983K
SPAGHETTI 000002 104849K
SPAGHETTI 000002104849
LETTUCE K
TOMATOES = 000002301536K
COOKING OF 000002034 107K
5057 17286904K
BISCULTS $00018803845«
TOOTHPASTE § — 50 1072453484K
STOCK CUBES 500018416102K
STOCKCUBE
BUTTER
YOGRT 905085447850«
SUGAR 501008730150k
CEREAL BARS 501002822080K
CEREAL

90593 1900859K
ASOA FUSILLT 000002104314K
KITCHEN ROLL 5063089265034
TOILET ROLL 505478191634«
TISSUES 5067 17287685K
PAST#. SAUCE 505244968062K
RICE 9000021157 13x
RICE 000002 1 15713«
TOMATO PUREE 50514 1357599K
TOMATO PUREE 50514 1357596K

000005045723K

KETOLP

JUICE ORENK 000002758354K

BAMAKAS 020144000101
TOTAL

CARD
TOTAL EPS
(PSM). 201

AID 4000300004 1010

CT:80 C¥:C057230BA202495F
Mastercard

hm Cardholder Yer tf ication

i

seagassesseesbaei

ZSSSSRisesRsssstesrgnnn

Seana

eprerEreeney
pebeeegges

TSSSSErR
seesses22

w
=

FFLN
om
Base

£75.03

A/C tp. 8080 once cose S805 UC

TERMINAL fio. 0015899870
AUTHORISATION wp GA4015
PaPass tote 18:33:38

PuiaTe aE

aa fre it ey

os to: easy
lect a in store

acy rilire at
twa cp liemry of

raTAY/LE) 16:33:46

£0.00

a IHIS ort 1 YOUr RECORDS
if

a
t
",Groceries
"Primark
portenguth oh Coerad
121 = 136 Connercial Rood, ourades
Portanau, POI BU

Tel 02392296911
GB 422160891
SALE
219867956 bTR GRogy FLEECE 5.80
7 OSGI 4g OTR BLACK PANTHER’ £60
‘ —
Total
Noatercard t 13:80
gard Ne. N AhbdebL DT ;
ehan la LEAL CLT Ss
a
100:
Terrinal 1p wened7g7 S010
Hay Seq No.
aurce t
Verification not recta ay
Store:0632 Tilt:o1g Tran: 211087

Date: 247122023 Tire: 1B: 4g Oper: 10603432

Ttens Sold: 2
Ttens Returned: 0

Primark Stores ltd
Primark House, 41 West Street,
Reading. Berkshire, RGIITZ

PRIWARK ~

vw, teller inark co.uk, use the entry code
Provided below and Complete a short
survey,
Survey entry code: 4
5211087
itrants must be 18+ years, Each code Ray""
only be used once. T&Cs apply. See
ww tellerimark.co.uk Por full T&Cs and
Privacy Policy.
TO ee
Returns
are happy to refund or exchange {teas
Purchased until 31/01/2024
e the reverse for further inForration

THANK YOU

Iyer

9632015211087000} 122s,

ionw

",Groceries
"Weymouth
SALE FRANSACTION
2100661 1x Bold Type Birt
0020370 1x Pink pirtnaey ise bay ae
TOTAL re We
Debit Mastarcaru 2.
CUSTOMER RECEIPT £2.88
aid FACTORY - Si - 165
ST MARY ROAD WEYMOUTH
16/12/2023 16:98:56 7 OTH
RECEIPT NO. :98907
MID: XkX5§3925 THD: XAXN
: NAXKBATG
ATD: 4000000041010
DEBIT MASTERCARD
XXXK NRA RKXN 8810
PAN SEQ NO. :00
SALE GBP. 88
TOTAL GBE2. 88
PLEASE DEBLT MY ACCOUNT
NO CARDHOLDER VERIFICATION
CONTACTLESS.
PLEASE KEEP THIS RECEIPT FOR YOUR
AUTH CODE :TI228R :
Visit our website for
personalised cards and gifts at
ABA RARAXRRRRERRNARIRE RARER ERR AR
This receipt wil? be required when
returning to stores for the inflation

RECORDS
ww. cardtactory.co.uk

of patloons

Please note that Gift Cards are
non-refundadle and exeapt from exchange

This dees not affect your statutory rights

RTH REAR WRIT IIT RR E

How did we do today?

Tell us about your experience
by following this link
wow. tel lcardfactory.co.uk
or scanning the OR Code below:

AHRERRIART
HR RRR TERIA RII REIT,

VAT no. gavanaase

TRANS . NAT TIME
snes TT pg 182832696 16/12/2029 16:39

soy eC UMUEAT AVC RAMU AUT MT

",Entertainment
"JD SPORTS

(01321) COMERCIAL ADAD, PORTSMOUTH PO 1EX,

Asst: 083:

Clerk: 023:
Trans: 4321 -3-33323A

== CARD PAYMENT ==
460-162 COMERCIAL RDPORTSMOUTH PO

1 1EX

0000000041010

Nastercard

KXXXKXKKXKKKSES |

PAN SEQ: 00 |

24/12/2023 15:52:54 ft

116165 53132103 |
|

SALE

CONTACTLESS

Total: GBP10,00

NO CARDHOLDER VERIFICATION
PAYHENT APPROVED

7459 1CO60A709F82 80

AUTH CODE: 061320 \

TRX ID: MCTUISNBS 1224
CARDHOLDER RECEIPT

|
| yp: **72136
| 110: xannQ0og
",Personal Upkeep
"The co-operative fo0d

?0R™ Swot elu
SROVE
100 - 132 Elm 3-ove
ronpshire
PIS WLP
TEL: 02392 750918

DATE: 23/12/2023 6
TIME: 14 92:21 aN site:
OPERATOR: Chaclott: TRANS: 4
JEHOOHOReOBEGE YOIR [TEMS neiaxneret

Cp H/Crss Buns 24.59
Cp F/T Bananas 21 20

2 Items Total Soid 22.70

Pia

Jone HOR ODEO UR SINGS 00H GEC GN UUOUEE

Reduces To C_z2er

Cp H/Crss Bucs -20.50
Reduced To Ci ear .
Cp F/T Bananas 721.00

Total Savines 721 50
eC eee PAYAENT 2 RRR CRA RI

Total 21.20
Visa ~31.20
Cas~ Back 20.00

CARI PAYMENT *¥#

100 122 Elm Grave
Por=srosty

705 ILP
AID: 40:90 9000041010
Mastercard
Cad: Je OES BOS .

Pan Seq Nr: 99
Cerntas stlegs

Baggot :

3871.20
no sARD- 4 ea vERIZICATION

ait $3692
Mens jz"" easels :
rp907 11708 80
Dete 23° 12/25 Time 4: 05:30

_. FOHOLDE? ¢
poche MTEL SOR VER necorns
foe “fF ne 73905875009

wei dt lee

trae totter” mee jr ,
» 7 is
woele Gay d, thesice tve Limited
ary.y
evs “Tpgra5,gont® Paeare
107635468

00 HEL

42307300 9452945,

eee
",Groceries
"(r2) Merchant Solutions

GB racezracteay

**CARDHOLDER COPY**

Mediterranean Supermarket
14-115, Elm Grove
Southsea
POS LH
02392825566
“Thank You.

RHHERKSATT3

ekek keg 3G]

AID: A0000000041010

Mastercard
RKKKKEKKEKEKKEKE BES

APP PSN:0
AUTH CODE: 014832

AUTHORISED
RESPONSE CODE : 00

Mastercard(CTLS)
SALE

AMT GBP19.67
NO CARDHOLDER VERIFICATION

Diagh antic Code 73
W259
24/42/2023

rice fy ee eT YO

ne NL

Ce .
i, ¥ = aa ae os ee .
",Personal Upkeep
"Primark |

Portsmouth

Portsmouth, PO11BU

121 - 135 Commercial Road, Cascades | :

Tel 02392296911

GB 422160891

SALE

310800993 PS 5PK TOOTHBRUSH

210773297 KL PLAIN FF:Hot Pi oe
Total £ 1.80
Visa Credit £1.80
Card No. OER IT ROD
Merchant No. HRI HIG]

, Auth No. 940632 -

App. ID A0000000031010

Terminal 10 HHHN4Q77

PAN Seq No.

Source contactless

Verification not performed

Store 0632 Till:016 Tran: 182494

Date: 22/12/2023

Tame:t1:16 Oper: 10616021

Items Sold: 2
' Items Returned: 0

Primark Stores Ltd.
Primark House, 41 West Street
Reading, Berkshire, RG11TZ

PRIMARK

We'd love to hear about your time spent in
our store today, and in return you can
choose to enter our monthly prize draw to
be in with a chance to win a £100 gift card.
To give us your feedback, simply 90 to
waw.tellprimark.co.uk, use the entry code

provided bel

ow and complete a short
survey.

Survey entry code:
0632016182494
Entrants must be 18+ years. Each code may
onty be used once. T&Cs apply. See

www. tellprimar
ir

k.co.uk for full T&Cs and

Privacy Policy.

an
R

eturns

happy to refund or exchange items
lle are purchased until 31/01/2024
See the reverse for further information

in

THANK YOU

82494000

iN

}
ee
",Personal Upkeep
"og : : fe * 6 gs hy
ag Ls. ; 4 S, .
a ee fh oo arg
bowel oF ot yh 4 ;
“ ; ne a ue! ‘
. . bd ate a btn
. . ‘ Bo he og

_———— _
rye, ~ ,; oO}: 2 vw tt - _— wo
Go hoy wt > ; CO t | ——_—_= 3 0 a)
4 ~ ced bd I * ——_ a
oe : an Ln a ——— ow , & c
, - wae TA) ps. - . , oo | US 4 — Se 2D en
if Atay Ff ™ rom 1 : I — oor =
; Gay av as 4 cet | | ———— — > = wp
/ ee bo tae 3 Oo cS xo
fH a Pn t ( { meres on — raw
| eR! ; samme S) ao HO >
_ : ———— WF > ° 2 .
fay a ee Bo ASE
see a | e » . ee Ca
; ‘- 7 . ew) CG oma pjeowoevoasc >
/ i cic, Pt _ 4 ~ c | ——— — oo wee = = c
po fee ; a 3 an ame _ | — 7
: pts Ef 7 ns ee ¢ Pi. cl — = “9 S
(oy ne ee bo SESS TF ee - ees
: baree Bowe nm Es 3 ; : mel BS Oe RBS:
‘ b. ova rae . ' ‘ Ser: — —— -™ — +
| Te hy | ane a oer LD ch — : ens = +t rere ~ —t te
, ne | ee A xv = — oz VM - =e
: 7 de on = 1 OO aes — = m3) [i
] { , PE Bt ed ene “ —., — = : 2 ' eS LLi Cc 3s .
| <T]ere rn: “= ~r 3 a) i == Lit oO .
3 ry ed . om Lh +H = i i oO : = =< vs O
( oe oY, to ae ->Oo°o D [ ea} vs =o <<.
! : whi ye ; 3 -- ot avs 1 | Bo amen ON! wu
nin roc D c 5 e meee CO oo
4 .* a OS cL — ' 7 ane
I a } =f = cope cv ars
i ' => we > DD, { : * : ———
j t Wo =< ' 20 8 so! , ee 4 Ww ere
} } ' +t~ OY —_- -™ ; — | uw: | werner)
i ‘ ee t 40) hed oo ' SSS
: Bl To nemet e ase Seen j , oOo Dam | ~~ ~~ |
; SC 53a: 10:1 6m: }
> AS be i Ot: |
f '

ita ane Ds
:

ee rp EET BPRS TS PRP OR TP TE A
vf opal a NPte? ec tg

aot
Ta
ee »
tne eS
a 4y
uf :
* G
f
.
ae
, ‘
2 .

. “ af.
se ¥ x
H ‘ ;
*, wt 4 Jf.
Jota
ea “
. Pg ;
/. ve
Lp 84
",Groceries
"Ao

f
, F
!
,
OLY , f
a
sae .
pret t ne
e e

farce
”
3.

See

’ re fs a
Gort f 1
oy a oe p v F tre,
4 ’ > . ’ g Gj
ae Hy : er ; : WPI y
: oS, . is et 1) f
: , . fF. 4’. 5 ew.
ae . ’ ce r , ee Le, DP ay deg we
SS. . Hy “ a f Ti. Ve PS
F, a . ef ae d A 4 A
” a 3 . ’ : “e
: * ry Bs . ‘ Vv _ . pf -
‘ : LF. ae, / of 7 f
: . tw : f Fy :Y p é ay
a ’ oe . ""4 ; eo if, ° a a , ry
. fs ? iy, ff Je, a re ' 5
a LL- we 2
ye f ‘ 7 o

if
Wp
ME:

fo) De thy Gulf Life®
gore . Z ard ca v ow PG 4
fy th, ffir 7 a, "" fa If. et”. thie

~“ . : .

a
“

me Z

er
es
+

Morrisons

: Jamie Sofokleous

Victory Park
VAT No. 343475355

\
anager

WH Morrison Supermarkets Ltd BOS 7DL
H

ER

”

ae

z

5

4 é
i, ‘,

OF

Contact Us At:
wwy.forrisons com/help.

Customer Service

ESCRIPTION

> 0345 611 6111

Qty O

1 KIPLING FRUIT PIt

;

GRANULES

if
S

\

W LRAV

t
ry

TUNA

i

AVE

’
boyy

14

QORT POWDER

1M HAYONNATSE SQ2Y

iN

AND

t
i

S KETCHUP

AVER

Ps)

%
m1 1p ue eo &
= 3 us oo oN OD =
(Som mee
TER DBwRrenw ae

SNACK BAR

1 GO AHEAD

1H RED LEICESTER

1H GROUND CUMIN

TOTAL

s Offer 000000

M Herb

BALANCE DUE

Card

redit PAYMENT
- 0000000031010

C

Visa

ALD

CONTACTLESS

genx 7809

ERE KH

ok

TRN: 803963
TID: #886366

01

3914

- ae]

MID

ode: 11 - 760940

A

Auth¢

CHANGE

lo

£7y of

?
&,
J

‘f
py

, Wf
yg? LY SLES

a ‘ff ra
. . . , ps a
: Y, . . igfia I. F a yas
‘ , mo, "" *f a € ‘fy - maf Tor
af f ~ AA oe an a Z Pe, AF tee Y. ¥4,
~ 4 . ‘ af Pa . , ‘4 (ae “soph * - ¥ on LE we y
. . le + x ’ eo fe ae + Pea aw se 4 ¢, ie :
4 ” ’ fe . . : r, - f ¢ wae feat ME as ne ""Ih y 7 y
""tg, (fo 4.7%, 14 oS ea ; LE Ne GE Gy OPT 6 OY LOS cs? 5 ce ef, Loe Beh PLIES J,
. rt BD ii Aha t’. pay i LLL gf S ff A WIAg SPL GIS pike SEG ee
4 vt : AY “i 4 a, dan iy ee. Lf is : AL go
‘ o . e v Aone oF ? Jami boa"" 4 % a
44S. : , « LA . S hip fat ip a ae Lge, LL ESS
Gi foe - 48. B (a et J oe ? ‘4 x 2 Ot
. . 4 > - gg tf y al Mae: 5 , 3 f; g *
a : aA ss . OF, 2 y Yeo es
a ey j me /9 4 af, 4

EyZsETTESIET

£KETEEETS

Horrisons Hore

=>
cs
os Ss
iF) >
se 3S OF
-
5 2 =
se2
_ ~ =
Fon Sd s8
=>=—h(<U ‘A
ma 3
a -
2 CG @® 7S
Dom = _
=— —_—_ a SF
» o uo
pea > &
— —
~~ +m ad te
= > cS a
ee
aS 2) oS
=a |e a}
a >pm— OG
~ @ GCG DBD =
<= SS
cro wu =
Db = SS
= aZGnu Ff
> Mm & a
> D>— 2
WN =a wa
eto OS OD
= — Dd “—
_ = —_
Da S 7 =
a. sy =
ba s z
Ss sac =
= ~- 7
Soe “=
_ «<>
Tom oF
eed oe

reo grid

sons cou/eore

wee pore

oper pene ing

WY Betuqe &

able if voll fea

veal
At
ty

i obtte \

(!

mer

helpline on

type |
dike |

.
a

Vide

pe

4

rqidoby ap

'
y

oo
fs

q

",Groceries
"A

'¢,

\land*

|

DUN

Ki

i

LD 1D 1m 1d UD 1 SS OL
“AI cao Ome MD WMO
ree TD COO STO LS
oa Cel Cet oR Cet CR CR Cr CR
us
|
Co
eS ~
w
Seer
oo oe oS Qa am nM a.
OL t+
oo Hw
Ce ft
sas 3a + —
Cc oOo oOo lw <x
oa. Oo wT =
—&
uw UCU cn _—
@oocnmhomsni fa |
sa @oocowzr
—_ oO ™ LO wD
ea. - & =>
— —_— ™, —_
a oo Ss Owe = wG
> p— SH Le —_—i .. =
we —~ — See OSS —_
CerFeé“wae +s ea on a oO
Li o 7 woe fon a =
— oO = @ 13 wo & _—
Vv ew GS wos
Cr BOO fa ~~
aS & — F&O Aw m
Oo 8 xe aemwame a ea = I ~~
a ce & aelis ££
WO wee st oz oS <= + ;
oe eR OL ae oe =
coos | oe — «9 oO ies <=
—- bo om ra)
ax <— ° VeV5 zs = —_
sss Ssornwoes im
>o = a OS oo
. => a 7c ta oc ID 443
~ —!i i «43 <2 oer ae St
—_ =a os <x oo™“Nm
== Ss_erewoaapa Ye as
<= oa > Li. SS —
[= a a a a “<= tui
aad aarxe >a
o> aa SO -  -  )

EIPT

oY
wa

USTOHER RE!
POUNDLAND LTD - 1210

UNIT A 2

U

\
lw

r
é

b-238 COMMERCIAL ROAD PORTSMOUTH , POL 1HG

2024 1

03

$234:

¢
x

w/OL/

: 4 : ! p ki ? A , os 4 we 4 [ ,
a ac gi vee 4 chy sg ab #5 ws i whe j AS we ). , . 7
. ae mf ] eak © > gt i f f ref, . g . ‘ an
1 ; i>. et g fa to SRE SCE if , ied Jy? ct ;
4 i . ‘gia ,
i : a : . ' f "" 5 A 3 . * Ws =, iy fo-d ‘| ‘cane A ! /
 o# at MEL E65 Lay Thy F PAP a PO, EY
F ‘ at asyig f Ces MN Sys fie3F, LL i Pr: tg alts PKL de + qf 3 a
oy “ . r, ’ , iy . ot F. ‘ f, r vhs a ‘ 5
. 1 : f , ‘ a 4a 4
eS a aM) WE: A

TID: XXXX4047

i 7

LL ws
== —,
~~ ve
o =
s a
coro:
-_ao SS
ors
=_un =
So .+

—- < &
— >< <£
lpg af oe
7 cS
int =— <7
oe X= <=

r visit

hers.
uk/tel |-us

s N
=>
nd Z
oS =z 09d
3 po a
= == O
—_
ce a | °
S 4+"" TOO
=> ~€F€aeo
XK
- a wD GO _-
= ao— xe)
ore —ere
Ss * wa CaM
—-~ — S_—
22 5 cS 593
=~ or am a _ oa > Tr on
wees 44 ve @ = ct ®@ :
>- => -_—i . =
SS =. =S 8B ware
—~™ ad ee ee ee ee ee —_
S&S -~- =~ ee ~ ao
—_~ >= sch i :: ri
=S 5 S242
££ 5s 4. 3 ™® «_ —
SEs =o oS B
ww) tt SS os as 7 — 3
— xe MO BAHT D om
on Sz ST << ep <o — C
z= eHZasu = ui oS
Hearse gGt@ees x
_. -

a Winner
Gee website

4 yi in 3 2
wy 3
v # [F nh
é ofa.
A y i, ¥ ""Eh di
fa tf its
WT Dee ft
fs ‘i ET,
; fA ig
DF PLS bs; HOE: af
‘* ra 3
!
,

/
3 ig
VA:

K

Yind) and .co.U

te 30th 7
AK KE KK KEK KKKEE
ww. PO)

cl

mde at W

On
sin cl

Rea CAPER ERTERE ERE

mae
*y 40d {,

wm, y oC
‘ t
~ ~ -— eran TO a ee
- 4 . id
‘ , ‘ }o° ¢
\ er
rn ae)
\ »* % J: ys we
a . t ""
» ft i
’ j '
a - 5 _
4 a :
‘ we
f roe oo:
) /
/
i ‘ ¢
{ ty
‘ s ff,
; : of ° a a
woe a
ie ae .f
",Entertainment
"ee Ses oN y
SNS a ae ,
Primark
Portsmouth

121 - 135 Com :
mercial Road,
Portsmouth, POT BU es
Tel 02392296911
GB 422160891

SALE
210770838 HOODED SUPERLIGHT 10.00
211019444 MENS 2PK BATH PUFF 1.50
Total £ 11.50
Visa Credit £ 11.50
Card No. KHKK KKK KKKHH1BOI
Merchant No. KHHHK HK HHKKZ49 |
Auth No. 706795
Ape. ID A0000000031010
Terminal ID ¥¥XK42BRB
PAN Seq No.
source contactless
Verification not performed

Sect SN Store :0632 Till :004 Tran: 167967
SSS Date: 14/01/2024 Time:13:34 Oper : 10501484

Items Sold: 2
Items Returned: 0

a A AD

Primark Stores Ltd.
Primark House, 41 West Street,
Readings, Berkshire, RG11TZ

ee
PRIMARK

ve to hear about your time spent in
Wee tore today, and in return you can
choose to enter our monthly prize draw °
be in with @ chance to win 4 £100 gif car ,
To give us your feedback. fire ntry code
imark.co.uk, USE
wu te Bed below and complete a shor t
r sur vee de:
ey entry code:
ou 632004167967 » code mau
t ts must be 18+ years. Eac coe .
En ronly be used once. T&Cs apply. 2e ;
°Le| Iprimark .co.uk for full T&Cs an

we Privacy Policy.

ee
en —

7

r

. AE TO
} a we woo — —er —
\
}

~ Returns

+ NX items
‘ aa HaPP! to refund of exchange
, Beare ey 1470272024
' purchased until [ie pormation
ea the reverse For further
) wt &:

f
¢
4
OO
",Personal Upkeep
"etcee. =
$8 a ty es
2 Seer
ra a wa
ee wee ua

end

Se

:

COD & CHIPS LARGE =
1 HADDOCK & CHIPS | 1.4.75

5. 60
5. 50

ee pee -eEee omy eENET Ee

TOTAL FD/BEV £69.35

wee aoe eer Sa Se eee THER

1 HALLOUMI SIDE
2 PEPSI MAA

",Eating Out
"J aes

. a { , to, . bes 4
MS DY.
, A fi, SM j
/ Sf
coe : 4 . go Opa Jt Ah, f
a Fa We “Uf a GYR! £4
: - . oe / . ve ‘ ifh “ cp rae a)
YL A Ag S

yo” oe ne
. * , IZ

Lf fr.
tbe

AL

ful
00
*x**7868
KEKKKKKKKK
NED:
4
KKK

OV

AD LOC
£2.55
£1.10
£1.10
£4.75
£4.75

096201

*xxx«k 1164
£0.00

Cardholder Device Verified”
in x
ts

100,000 Nectar poin

10 13JAN2024

ral

42:

ys.co.uk
R64

: 660 4548 36

THINK 25 Cashier Confirmed Over 16

fot)

U
A0000000031010

‘RCTAL RO

0330 013 7680

Sainsbur
33 Holb

11

Sbury’s

LOS

s Supermarkets Ltd

d
MME

orn London EC1N 2HT

y 1
www. Sainsbur
Vat Number

te]] us how we did at

lettuce-know.com
RAKEKKKEREKEKEREEKAKEEREEL

UTH CO

or download the app.

REGISTER AT Nectar .com
#4165
$5068

PLEASE KEEP FOR YOUR RECORDS
Thank you for your visit.

PUBLISHED TERMS AND CONDITIONS APPLY

Sain

Cw

P

[ICC] xxxxxxxxx%xxG§3d2
please

AID:
xxxxx For a chance To W

Visa DEBIT
contactless })))
PAN SEQUENCE
MERCHANT

AUTH CODE

TID

CHANGE
WETTRT TTT TTT TTT TCE OLUL OL LLL sS.

*RED BULL ENGY 473ML

PAIN AU CHOCOLAT

PAIN AUX RAISINS

3 BALANCE DUE
WITH NECTAR YOU WOULD HAVE EAR
POINTS

F
’ . 4 i ca ” -
f . 4 ve ae 5
, aod “g on a Ve , ° oe Vi yd
‘ 7 ; |
, - are

i i Py: ae * . 4
“ by . AA: Te

fof r é ; ; A * os f 5
, hh My 2G. OE In Bye atte’, . o£!
HM NOE Ely. ge if
oo ""4 a fi. Fa fa a PS i, f : # a . ’ : 1 fos
the flee Ne leg, Wd bed oa aere Pkt, Oyet wy oi” , ‘ ' 4°
” Adres Cad MATa, fea ut rae ghy | LE iy a oF! : . 3 ri .
: te ee Bh . ft BA 2 ; By. Ope Be ry Ae ; Uy: rope : . ? foto ;
J : . yal we  P el gt ere arb te og, o ae LVEG 75 a ' . , tt _#
or oe 4 i . J ? (f° vt veg histo g 120 “ oF i fae ye ; Y ; pty .
: EELS IF A Tbs eg 4 f ; PORE) (ORs aaa , - “
2 “pros a Jr fo ey ghey le fd } 5 5 A os ope FOG / a ia a rare y NENG HANSA ph ey ae! : : ‘
> ss s ? . 2 hye gtr UL, yey AP f i. AUPE Ye +n 8, 4 . . 7.8 the: CA 23 Mey , fe
d : , C4, ix x y 5 5 ""4 if: AK. f "" ¢ Ree £7 A i an é ey : q g - .
FO, fey fe 7H iy er eg fe OLE il, We Ga at : 4 / j Lf. ney J rs wr fy feats 7. fy: etsy ‘ 4 ‘
14 ry ee. F . ; 5 . ft oe tee ‘3S + ae it f ht ah ne Rte 4 COTA ites VET fs SEE A a . .
a 3 a J as Stes fat Ye 49. Mf DS, : ih Akal. 4 f k ata + eb rd Ae Nfl 4 jf ap ft ;
wo oe ons ad | tlt ica ¢ a’ 1% Van ‘ 24 : ieg wr , ‘
. / be yy ors ‘ ‘ ‘ ,
Bp pp DN Tina S ae TALC ANE \' mes Ag Cl : a ; ;
; . ey 4 9 td ‘ ; _f aie ‘ oo . fy | : , 4
Ayes e OA . | Wd: 4G ot . . ;
Copp yf ‘ - a : : : ad
dase i. AVG: , . a . , oa ; ”
v5 Te j . ‘ z fy ‘ Ld , pay
( , : .
ia z 4 7
”
’ : ’
, x.
ral arr
. aft
: 6 a6
? .
“4
Pad ‘ * “¢
we ” , a
c ff
e ’ .
f #
. 7 4s a
so ed
",Groceries
"te, Nene - . a
SAS ee : =
2

~ 7 .
. ees ; = ~ . -~ = ,
~ AS > .
et an MR s
. a. fy -
” _——~ ve
=
~
~
~

| chance to win £1 ! !
Please tell us how os did’ today '
wwe. Tel lasda.com ° }

,
leet ee ee oe

ined 7 ee ee ~. |

oe | oe a. .

A\GS YVAN | Se
A, a a \ | oS aN

ASDA STORES LTD.
| WW. ASDA. COM
_' MANAGER WAYNE BAILEY
TELEPHONE 01305-760733
« WEYMOUTH,
ST. 04924 OP.'.009034 TE. 34 TR. 02070
FROZEN VEG 505244949312 £1 .05D

re .

""no toe of
aOR ety 74
rd

a7 yd
ad

SEs = SE MILK .4 PT 000002033708 £1. 45D
VES WAS SS BISCUITS 306308926725 ~ £1.00D
23s SRR SS 5 BISCUITS 905747297915 £1.00D

HOT CHOC =» 506011391270 £0. 35D
“| HOT CHOC —- 06011391270 £0. 35D
a TSE RSS = HOT CHOC §~— «506011391270 - £0.35D
ees 8 SSE RSe HOT CHOC ~~ «506011391270 £0. 35D

le STS LES SSS} SCONES ‘505407002519 £0. 78D
Fo FSFE STS RICE 000002115713 £0.52D

“Sys sy = COURGETTES = 05717219494 £0. 79D

LS STEEL] CHEESE 762220169479 £2.00D
ta ee Sy BANANAS 905717228566 £1 .09D
SSlc Se nL, ~ TOTAL £11.08
SS ed CARD £11.08

ow ' TOTAL EPS £11 .08

ly .
~ 4 EPS NO. 6/767
4 0000000041010.

! OT 80 CVZ08DF AGAI84924BC6 }
Mastercard —— 4
xNo Cardholder ver ITication oc
7. . | A/C No. KKK xxEK KEKK HBG!

TERMINAL No. 0015997459
ae AUTHORISATION No. 78242
> PayPass Contactless JRE
oo : rays 08/01/74 io £0 . 00
- : UP FOR YOUR RIECORDS
3 A200 9480
e

iii

Lis
is LE
at Asda.com Tor ‘ore

ash KELP THES:

No. Th
1G4 9640 bygses

AYE

tia

~ : | | oho fe: rye bY OF col eee AG | _ * .
. 7 | if fied. : OB/U | S74 j -*& ; wo. . 5 ~
; ae
” w + me ON
",Groceries
". . A hs nf s/he H ‘a (9
/ , 4 - £ . : ff) « i sarees i é }
’ . { on é i. oo Peay 1318 ? Sate 1 4 > 3 . GF 2 - "" ed
avs , i '. a pe we f { ff. f r 4; if : , ‘ ater 4
pote Oy Ply 7 os : pe LEY : Le J * cf 4: e 4 ART f ; -. ¢ p fd f oy Ye
rf 1 ‘ ‘ B 4 i aeee Ah . 2 as £4 path aa ay | ie 4 f A He th r. A ae é g*. : } ’
Phin gS r ‘ 4 j g . 2 if: rf f “ : . weg. “ 2 A raid J ; ‘ ‘ .
- , ia . Zi al , ‘ + Pr fi ” J ! sa fd Ts i uae 3 Fg f ; i : m4
‘ z : i , : A Fa eee. mandy Ad ss { : ° Y *) : B ,
7 . 7 . . 2 +15 sp 4 f y 7 - J Ceca 2 y ‘ Pla, ct f a . * ae , iu
, 7, iy : ‘5 ply ; ae ; “poe a. aHE F ee, SE Oe ody , y yw hehgs-/ & 7% OP ee BE ' a8 uf
aN ; Piles PRG Ft 1 4 re eS. r : g J f Me ‘ } us £ aL! f E: eS AP ¥
‘ A af f : a 4: Fly, gt le Oe § f i 2 hf 4 } f r
ve . Oy ye 4, , TaD q F Th ES i id F ante :
ys s Gi ry . 5 t
+
om ay!

‘
. gp. Syaltr
1 . rh oe of : . y
af) 4 $i ’ a ; | ae is ”“ ‘J arty / ; f . 3 Fe Be as f eS bs F Anes ‘Tp
' ’ a . a f . at . a 4 ok J y' fe, sd £ a ‘f i 7 "" fe ms J oa G ‘fre. ° g 4 4
f ir) cee gy . Pe pl tye ee. $ . 4 } Bet. APP ‘rab of ot oy , f > Hs ‘ ul if. 12 fs an Y ; ’
i ’ . “a ’ i means if 3 st 4 ‘ . Bt ape LE § g OPS a 2) oe, 4 i 7 f IRE Das ‘ we } F ; j ( ‘ ; ,
/ a ? * < ‘ . . a : ‘ y IPS A P J {Ui ned fa ‘"" f Le 7 ‘ ox AD:
if bsp rd: J taf ; if if f ; 3 i tains PL MS EA ALSF jog BE f ; f RE i ; Bese. J iy oe ; Pes : :
, . ; vee wy ff. . . a ayy 5 4 4 ao “ 4 a ny ian | £f S- g atte wy i ‘ .
5 - . fi 5 ? J A * cf =f Fs z ¢ Lin's 9 od BY ® ; hc. f ? ! A Yo PE. : “
, . 3 : . ; . BY. ree i ; ie ae $ : AS i: R iS ahh 4 ‘
to, 7 “ . 7 7 4 a r pe ""
on Se. a rs ‘
‘*
3
P z
i

1 MOE NG
4 I : . ha Pit ,

vag s |
ie,

a)
4

5 An # 9h F a * eg tf) pA , i ' ; a4 H de « rf!
Lore his 3 ps $f if felts) ‘ ah Jf A - ? { f a a Fy cet 4; .
ORS A A A a a LL
ae ay : 7 “ ft: 7, Bs tf , o/ . : : : ; 4 a : iF fy ” Afi _
ayeld. -

‘i

I. v4 fy a

Mec! he Es , f po,
{ J wd a ‘W vie : s ‘ ae vf , Y f

a
aA Rar eee ae
vr if

en TY Chef ob
SP ea ae ep ah ei

a
D

ys.co.uk
660 4548 36.
know .com

KKKKKKAKERKEEERERREKKERERER
|
:4
83

\

AQ000000031010

RCIAL R
3 7680

6:
YOUP vig

cnn en 3 . are ars
Ny * RE fea
7
a Nu
a. ro)
. rs ax N
ZF Bx ; Ye Orme — 8'§5° ° SZ =
fos 32 a8 eis a RVoRonte, o om ier 06 ;
( t* —t ry e Ld . wcowor oO a EQ ;
= ao 79% ae a ~ pe ot _
8a Gl 2 G2 Git _* OO *K c ~~
tL, S EO X ~ So eo oO
39 x x _ as Pas
3 = oO
ra.
KS ss

upermarkets Ltd
orn London EC1N 2HT

for
bur

os ®;

or download the app.
JOOS OO IIS IR TOI III IO

REGISTER AT Nectar .com

[LICC) xxxxxxxxxx%%6342

Gu)
PORT

Visa DEBIT
MERCHANT
AUTH CODE

A
CHANGE
FORO II III IOI RIOR IR III

WITH NECTAR YOU WOULD HAVE EARNED

AID
xxxxx For a chance to win «xxx

©
2.
=
Fe
H OF a
_ —- bth -> Te) 4 3 @ Leet wt eg. 4
U) SEC PH8e * - zg QL Ss
= ce —_— 3 OW — ,y a
F ~ . oS ®D Oo wv
oo CF %
S &zs 5285 23 wo gt z set 2h Cos sg 8
0 r=) Boze o > _ © 2 Ls ao ae x
( 7) — Co 7 ” = ” 5) Li a S
w~ < © —
| re) = c. ra -
= (3) oO
*

JS MED EGGS x6

2 BALANCE DUE
Cardholder Device Verified

PUBLISHED’ TERMS

see
MG
pip keg!
",Groceries
"tf

et
“€

ad

Alin

ell
Poundland Limited
Thank you for shopping with Poundlang 01305 759916

in

Pow

wat 4 wha oe has F ve
- : he fae’ it, : ‘ ‘bi ; ‘
Pp a sf avs bi } / We Ohi OPE CML
. . “ay % . yh P thors P at gs i , 7
“fd: ght ad 0 TE ae {5 Ae af Te eS fa
“ , a ey ih Oe fe he Bd wie . A te ‘
’ j f ‘ : , a f , “ ‘
Fi ic 3, pas d*, ¥X, ’ ae
7 py , 1 ps By he oF me’ , ; ,
iy elgg ‘pPa, 4
j , ‘are AA yd OS . .
. OD SEHE GEO f° ce OY A y AS i) ""6 ) Ads
ao BON hs 4 f ea F i's ‘ ne F dD. r f
VID , P20 > sy LAY} ara ’ aw eA ‘ ‘
She a4 aA e 4 ; tn s, ‘ vA f ert ‘ ,
 B. TEM FORAY TD be NU ay : J ae y
aT , ‘ lat A ‘ ‘ . ‘
; , ed o's, oe to
. ‘ p Sy J
¢ \ ‘

Connect with us on Twitter @Poundland
www. pound] and. co. uk/help/contact-stores/

VAT Number: 547 5122 45

—

SNES) 1506 FOXS JAN & CREAMS

“f

»

x& Total for, 3 item(s) inclusive of VAT

ONKEN MANGO AND PAPAYA 4506
(VAT paid)

NATL POLISH REMOVER 250NL.

CREDIT/DEBIT CARD

/

4 AND 5 NEW BOND STREET WEYMOUTH , OT4 BLY

Ss

a wv

rfe~_ <=

—_ oe =
a |! wv v4
a) 22 v
lw a ne
{3 eo vt se
Let —t .
ce. =

a Ni a
(a a
Gs <r oO NI eo
= ~~ G
oom wo Pet
me ere Ol
wna et OO
Sco 2 8 hl
oaDaD oOo ce

Whe
Gs rte
AGE

ty Os
Hoy
‘BO

a

MID: XXX00994

Fn

Ze

AID: 4000000004 1010
:00

MASTERCARD
XXXX XXXX XXXX 5865

PAN SEQ NO.

SALE
TOTAL

T FOR YOUR RECORDS

ICATION

f

OUNT

NO CARDHOLDER VERIF

PLEASE DEBIT MY ACC
CONTACTLESS

X

“
_~

ats,

PLEASE KEEP THIS RECEIP

vans

«« Total Payments

~

SQ) AUTH CODE: 329297

a*
ee,

KKAKK

=
x DO
-_ x °
> x
""OO Wa o
SoL-ro « O
eapoceaxrs e
= oor atec*x + tO
—4 SS>N= S* & N
—==- O w eT xe T
>rvy Ss x 2 Tr
a S57 - Or. xe Oo 3 DO)
4a oodoaraocnWw* NN
~~ 02 0 + OX = ite)
a@aomi:-u Ox = ""NI
c>—_— aWa oO “le —
a uw#NfLloYa* oD
om Cc 30 C -e * a“ 2
_<—___ 3 awe coe LY cM ad fe @)
is SoM 0) oot Onan oS
aco 2 < =
oO-ocd od
QO—-ace-*-
“=O - Bus ox LS
Mee won
= —
~ Ss a
Da ae
i
- -
y 7
a
7 _
7 Pood, ‘
er a,
bg. ve on .
all uy ; ; 4 | yy,
nae 7 oy
eho a
yz? i. & ‘ ‘
“Oa KE
$ fy ‘ .
7 , 4

45-552880 00/01/2024 14:17.45

1753
",Groceries
"Portsmouth superstore
Any questions blease visit
www. Tesco. com/store-]acator
VAT Number: GB 220 4302 31

Tesco Mature Cheddar 400g £3.00

Tesco Wholemeal Medium Bread £0.75

800g

Reduced To Clear Discount -£0.25
1 Tesco Ripe Bananas 5 Pack £0.78

a Oe ee Oe ae
— oes a es nee me one
—— ty et thee
Coe tet ae mr Ce ane 8
ne ee ee et ee ee ew
— oo

Subtotal : £4.53

savings: ;
Promotions: £0.25

JOIN CLUBCARD TODAY
This visit you missed out on
4 Clubcard points
Download the Tesco Grocery &
Clubcard app, or visit
tesco. com/clubcard

ws fin ne es oem ES cmt ew te ome om
— ome wen ee ee

Mastercard Credit
AID: Apgonn00e +888

Number : ~ 00
Pan sequence mo 585044

aaiveiaas none: 26284805

a ee a ee eens ees teem tat rm tee nr anne an
ts ou
a on

cow wee oe es ee ae ee ee a eee es ee

eee “0 , :
hance to win a £1000 Tesco gift car
Ne and collect 25 Clubcard points.

Visit www.tescoviews.com t's & c's apply.

eee ey ek ee ee es tee em te om ees Ne me
—_ =

we ee eee ee

Fugen

608Y -1UC } a

- —_— ad
—_ va own ey wed ren oad

ww om een em mee

emt wwe nee ee es Fe ON Sue mer eel SY ee
“awe er —— wee

""08/01/2024 13:46 Store: 3048 Checkout: O71

",Groceries
"LiESSO

Weymouth St Thomas Street Express

|
t
a j
¥ SoG
ou) ts ) 1
— ON ~ ;
> 08 © i
o” wT sé om i }
Fis OD OY |
GPO WON Ss '
Do6oN N Oi Dd!
ar”. OTS. Bi 1 1
9m So ese : 1 oO!
oe Pera ' 1; oo}
oo... DOE! 1 oc!
saz. 9S CR: 1 Fs |
Hoo - OommDma c ! ; 1 GOW!
wo 42 moO. i
SOs oO £O§ } 1 OO!
585° BOYS | 1 Ow!
TpZz- BOSssi Lee |
ase SEaee | So |
. 1 |
<a =>- i 1 OO}
22864) (oo I
nono A } OmoictcCt i!
SOOO! 1&1 OO)
7 re
, er ,2Zo;1aa!
i= toDdt
; © { —-— !
} 1roevo i

af x phe

5869
00
074

041010

~ ago00000
KR KK KK RAR
'g &

rd po
9390 Checkout

¢
8

Clubca
.com t

¢1000

de
97 Store

¢
*

lect 29
Ww. tescovl ews

|

Authorisation co

Merchant

ancl col

Yyoit WW

A chance to win a

Mastercard Credi
Ob/01/2024 {4

Pan sequence: no

Number
",Groceries
"ee re Ce =>
Sl >

Primark
ortsmouth | -
121 135 Commercial Road, Cascades | .
Portsmouth, PO11BU ) oe
Tel 02392296911 | , | an
GB 422160891 po ae
SALE oS -
210893204 PP PADDED QUILTED 10.00
Total
£ 10.00

Mastercard £ 10.00

Card No. KEKE OEE KH B65

Merchant No. KREKKK KER KEZ4I

Auth No. 783967?

wee ral 1D ROOOOODO4TONO

*

PAN Seq No. meat

source contactless

Verification not performed

Store :0632 TiLL: O17 Tran: 148510

Date: 13/01/2024 Time: 16:16 Oper 110622122

Items Sold: 1
Items Returned: 0

~~ Primark Stores Ltd.

Primark House, 41 West Street,
Reading, Berkshire, RG11TZ

a
—_———— PRIMARK

SN We'd love to hear about your time spent in
SON our store today, and in return you can
choose to enter our monthly prize draw to
ree are en be in with a chance to win a £100 gift card.
Se se “LS To give us your feedback, simply 90 to
WN aww tel lprimark .co. uk, use the entry code

wae son SO, provided below and complete a short
oe SSS survey |
See | _ Survey entry code:
nr Cow e
iQ aa Os a 0632017148510 Each code may
Entranis must he 18+ years: act S
NN [ q once. Tacs apply, oe""
on oe so | only 3€ use k for full T&Cs and
Laat oe | aay tel lpr rmark .co.¥ a
ee NS Fy Privacy Policy:
- ~ a ! ee eee me ee eT
~ a * | Returns
NS nappy to rel Vy 79972024
~ oes oe curchased vA Sores |
~~ me _ ‘ peal chant d ve Cut ther informat ion
Sea tp YEP ae uf
ad
|

(ht
itt Ih |

A104 1324004

",Personal Upkeep
"ce Lo Win £1,000! xxx
S how we did today
www. tel lasda.com

hanc

xzxFor ac
lease tell y

P

. ;
H ae 4 i Yo be ‘
oF oe to a . ‘
* < : JS MO:
4 ¥l ae . i aS ew . ? {, ‘ot A ‘
SZ Pa f [ORG LA we cf, (oe ’ Vs
is , cen te rh a pena ge ye iG ay! y . t. ts f ‘ : ;
2 F of B - ook, . 4 oan 4 q iy se 4 ie he f inh : f ae f a4
af if , , Z - , Lp “Pe ; gs 79 $e ; 3 Al fee Aappt
, » , : : ” eee? Drs "" Fa"" oF on. EP © Fre in fb ii
. / : a Pe , a, eee om fi i ae Reyes te : y
7 : gs . . 4 aa DP ae ety . wh aS! UE J
° . ° . 2 Tet d 4 f 4 R . 5 f - US
, + 4 . eae” a. “I 2 e tJ

’ “oe ’ “ oo .* -ex a Pe F Bebe ge

, “oF, . : . 4 * vie Layee’! at! ber. , ‘

os nd Ope i . a SF eh Se 3 , J 4
’ ‘ as fe « Pome ~ ""s Aye f ) ‘
- lg fet a : oF). Aas CF: wan D af"": [
‘ + F 2, . “ d
i“ ae ‘ , Y 4
: fie f
se

4
: wae .
ot ‘
fOgy SHE VY,
Of ig rt a
fs a : oy f
Ih. f J A ares if i?
r ae 5 aoe ay
tpn 73 4 ya a 7
&

OQmnmaarna .
QaeaeSsr=S5 A2aAagagnannaaaaA
: TOSOWRS - HE VkRoosgS 5 SLO LD?
> pHOv AT WESSON SS SRS SSanhennw
: reir et : * sc 6 a « ‘ s e a . ‘ ’ s
Sininmm 3 hm? Tt rt Sr ranmeokooneo
SUAUAARKRAUKARRAAIBQRRRAAAN
2 «
Oo -
ee)
. - WwW
Q A >
—_ oe} 9 <9
7 Vs Oo
rte 6S

CARD

TOTAL EPS

00000031010

000002034145
505717223354
TOTAL

- ASDA .COM
R JOE TITLEY
905244951419

TLLEPHONE 02392
009035 T

161303607
761303607

O000
905141348190

PORTSMOUT
905141348190
905717228566
000002728155

Well
MANAGE:

ASDA STORES
906308926 723
06308926 724
600002300377
209141354314
90!:083420997
9054 /8198084
000009603318
(50009603318
‘306011391779
‘06011391779
505 /1/295889
5115308901981
505478171470

3 OP.

| me

On
wo rap | L
© => . Gin Cr CGonnn <x
i> =< << o mar IA Ooms |
Tr ld Lhd Ww OO mS eee OO STD OOC = L. -
© Lid Li} bey SNM. XT PP Skt fOOMHMT LS -
Cum ewemond ewOO' tl Lt moe is
‘eib” Out Se OOF we mre eer w=
KeDOwOe Oe eerie itm Seeo--=
QOONHODmEMAraAniIVNG -Ltrreee-

tA) oe! af Salt toi’ ie
eg MLE IP Ir ae
Bre gi g..pphh gp Pep ""pe -
Cy Ot os. PA te Lf af, ore
Ge OEE: bei hg 7
Vien ae. Lb ""fl
a OO LE la : Y ~ aa Ae ‘A
+ * tf fo Loa L 4 46
0 Pe ae - Mf Ln s,
WAG G oe ~ ot, aan
OMG EE ah py 3
DIG PG’,
fi. bs OA EE ye
Nef (hg pha Vs
PI ole Ue!
‘ ii, th, hy wy) Za y ¢

ss é
Rees ti ve . J f 4 , ‘S iG i ‘
Lo flare ebinep age
i
his
vo
1)

aL Ph. “4 177) “, r yo ‘g. . : . s 7

{ ¢, G af ! * . ‘ ° ef , a
BR air ah ye
NOES,

- , ee. woot

y a , oar en

Bi ‘Do ae

yh ae fs

y t 4 Sia by
6 cA

«,

tion
7309 1 C

920

)

0015626749

holder Verifica
KAKRK KKKE KKKX

9836

CV: ZABSA1AEE8E 1DE 18
di t

JALTON No. 16:

ontact less

re

\
a

IRI:

HERMINAL No.
Vit (

ALD A00
C1: 80
Visg
xNO Card

A/C Ho.

AUTH

EPS NO.

'

if +
yp FL .
1 Le Ff
+FF, f ; y . r '
bi ry, ‘hrf ae
:

; by f ’ oe y QO
HY iA fof yf
MUP ORE fi Tg ow,

3

16:01:21

|

easy

CORDS

£().00

V4

l

¢
‘

|

|
|

24
|
fur’

YOUR Rt

?

¢

‘
-

2
2

It

oPY LOR
)

A)
‘

LIS ¢

¢

|

|

|

_Cof

;
{
(

’

'
4
|
oe

wud

tH

Ac
",Groceries
"ei.

Saltrock Surfwear

- .
eye A

TILL 3.1 REPT NO: 8198

MID: weQ9924 = TID: #HEHDE25 —
PLEASE KEEP THIS COPY FOR YOUR RECORDS RSS

12/11/23 13:31 00008074
VISADEBIT CONTACTLESS =

Visa DEBIT |

| PAN SEQ: OO
sek RR REE OG4Z

f ; , ,

| APP ID: AGOOOODOO31010

. AMOUNT or GBP ZT. 202.
-° 7 TOTAL ce — GBP2T. 2h

aes YOUR ACCOUNT WILL BE DEBITED
we WITH THE ABOVE AMOUNT = ®

ie RANSACTION CONFIRMED
Stee nae

Coe! “AUTH COME:O9dI25
“ee. 77] CaitAC LESS CP CARDHOLDER DEVIUE

CUSTOMER COPY
",Personal Upkeep
"ee
—""

poundiand

"" pancho uae ee ama
hee aus te veri an oe
wast 9 wan atte PS rae!
nee ne Me Sate
Beene pees ea 2
Hee nt 8 26 HS
imi 2X
Vea ageTs pina

02.309
teeter ht ow

6 nsot
TONAL | CHR,
OOM Tm sa TERY OA St . #

od is) :
Femsoc ia & Tbe te Savings
te Forel tor 8 STRCED Incl .
(VAL paid Wuetwe of Yat .!
REDE OETA

s.

cygporee SOLE
rae. ne 1, > 1210
LAE ee Dnt Rowo Poetsrata . vo

Fen
pecenPT wu. 229068
bts OKT ™

wish Rept

000 1000 KOK 7308

PAN SEQ HO. “Ot

fs wns
25.0

ese
yeee

CONTACTLESS

PLEASE VEEP THIS
AUT COE 0583%
v foul Pawents By

cen FoR vd REOMES

wi ut

are
",Groceries
"Hv
i oe tas avo FRuES
wa #8 FaXTS4
""U2. Conangry steeet

‘os Order wz
tH
Order gna 070i

Cite
Lente seauRcee 3%
TowaTa

XETORP
ee
IVE Guys £1
SooA RIES

‘S004

‘CHEESEBURGER
LETTUCE
TOHATO
OHFON

Sere
Baas

CHEESEBURGER 11.38
HAMBURGER 9.65

ON
UG FIVE GUYS FRIES
LITTLE HAMBURGER
LETTUCE
TOMATO
NION
“or

mS
Ra

POS Total 82.10
Cred Cards £82.10
Auth:Aocented

VAT RA
oN HET: 68.42 VAT: 13.68

seat

For Full Terms & Conditions on Gift Cards
Please go to
va. Fivequys .co.uk/Tegal
VAT Ho. 150176823
TOILET CODE: 8975

BERR SER RADE EEA ETA RS EES STEERER TREE EAT ES
‘Thank you!
SE RRERER EERE DERE EL EET EE ETA RE EES ED
+ Chack Closed --~

",Eating Out
"GB008 Tefal Outlet Gshart Gary.
Wail 9%, Santart buers
farwhart tad
P01 S82 Porteania
TEL: Gzys 21704660
hesistered Conpens broue Si8 WE Lid
WAT Registration Raber — (8379069162
Thaber Bete Tipe Store AesteterSelews
DOSY UGH /24t6 45 Ghd Se ed

Desir ipl ton Tax ine) da
1x Teraohenek fefal Trace! 1S .4e
TEFAL
3100518070

EERE £15.40 +
ee

“£15.40
, Arount ‘Rate Tax exe] ant

257 “20. oox 12.83
© link to product registration,
br d Sport help with use & care
atoraat ion on on recycling your

ots
Connect on, : ah groupeseb.co.uk or
ca} Gusta uaigger Su agareer ort
for kel and 5 Fivioe.

All electrical items are supp! ted

ith a 2 year quar
W atberwi ia egatee unless

Far more infornetige’
gua uarantee. 4 ease tefer Bit te

batt

webs tB Yn jm -Agumes Bate
TAIN A COPY OF THI

RE Py OF HLS RECIEPT For

THANK YOU AND SEE YOU SOON

COACH

Roeg””—OC NC“

",Personal Upkeep
"~~

} Poundland'¢)

tare! wef
Shine os ty DRA ING © IM busationt . 3s} WA
forest y tu un Weiter eazcion
Wtert ola Weitelptatet sees
Wh ater 405122
“4 ru, SUI PS he aig

“ates

ue
bay, OSI oe His Le i ne
FheW yErig Mel ence + 1%
FRO TOL MALT, tom, + ite
he or
Fae Cantirasd One 15
28 MAT DOXA Es Carga ? an
SOME ZINC UATIREY A ag + ne
Hultibuy savy nn
FOALS TAL k TE Pee Ife 10.9
yt 8 ITAL) ine luetse of vat oy
Wal olde 10.6
ROLES Cass oH
jiSieta teazin

*.
(ae Mer vig - ay
RIL A 2 7a (PERC pu voxtouae 1
Wize x.or
SEEDT Ww sc369
Htc Tone?
Ab: anocono Ko 10 ~
WiSa cept
oot 060 sion 2493
TOA. pricey
PLEAS! LAT ne MoM
NO COOLS: HEGICTCATION

WAILESS
nos WEEP THES &0 CLIFT FOR YOUR RE COMES
AUT OF -O582%
0
+0 focal Papert Pad
Change

4 Chace to WIN
11D Pourdl ond Voters it
uy ong ie Io Mel! ‘a
Outs 0. acta
wn tne Fler Per Meal te

Dad
See (te fo ys
Neorg tn .

cereal 60.

pesernegaee

‘gon Calin at #

i

A Lael
",Groceries
"TESCO

a ay a a a

press
visit

VAT Number: GB 220
0
2 W&m's Crunchy Peanut & MINE £3.0
Chocolate Bites Pouch Bad 1259
1.50 each 0
1 Snickers Milk Chocolate Bar £0.8
ig
1 Snickers Milk Chocolate Bars 4 £1.85
X40.70000 eee
waeoFFttStStS~S 65
card €5.65
JOIN CLUBCARD TODAY
This visit you missed out on
£0.20 Clubcard Prices savings
10 Clubcard points
Down} oad_the-Tesce - _
Clubcard app, or visit
tesco.com/clubeard
i it
Visa Deb! 4000000031010
AD nm 6342
Pan sequence no:
i de: 011752
author teatton °S 26284805

""A “Shance to win @ ¢1000 Tesco gift card
ahd collect 25 Clubcard points.
Vistt www. Tescov! ews com t's & c's apply.
",Groceries
"' |

t

Iceland

0250 -- PORTSHOUTH 259,
j Store Tel: 02392295939

Store Manager > Payy t
You were served today by . caror

QTY OEscRiPitan PRICE AMOUNT
2 WALKERS VARIETY £2.00 £4.00
1 SNICKERS 4PK £1.65 £1.65
Sold Ttens: 3
Total £5.65
DISCOUNTS:
Crisps 8 Snacks ~ 2 for £3 £1.00
BALANCE: DUE £4.65
TENDERS:
Credit/Lebit Cards £4.65
$0250 ;
HID: HHS2482 PYID:31657917
Visa CEGIT

wasaavercnss6342 Expiry Date: 07/29
SALE - WAVED

Please debit wy account

AMOUNT: £4.65

TOTAL: £4.65

AUTH CODE: = 092712

CARDHOLOER DEVICE VERIFIED

110: HAHHS183

AMD: 4000000031010

App Seq: 00

HMHKAKRAKRERAAAERA RA ERE REE
x Your Total Discount
* Today is -£1.00 x

XXKRAAAARRRRAEERERRRARAA RAK

AU UL | ll !

eS 14057 2g 3 45111850 5961
VAL Nu 844754470
Plece beep renetpt for your recor ie
mel TUGUS UPSETS Lena

HY wT uy
cal
",Groceries
"b
tse

Morrisons

WH Morrison Supermarkets Ltd BD3 7L
Victory Park
Hanager : Janie Sofokleous
VAT No. 343475355
Contact Us At:
Ww.korrisons cou/help.
Custower Service : 0345 611 6111

ay DESCRIPTION PRICE —ANOUKT
1 KIPLING FRUIT pig £2.00 £2.00 0
2 NUTHEG BABY WIPES £0.65 £1.30 4
1M SALAD TonATo £0.89 © £0.89 F
1 GREENGROCER PEPPERS £1.78 £1.75 F
2 PHILADELPHIA £2.00 £4.00 F
5M SAVERS TUNA £0.55 £2.75 F
1 LURPAK BUTTER £1.70 £t.70F
1 PEPSI MAX CHERRY £2.00 £2.00 4
BALANCE DUE £16.39
Card £16.39

Visa Debit PAYHENT
AID :A0000000031010
PAN :eeneneenesex! 939 CONTACTLESS
Exp :0726
Seq :00 TRN: 162329
HID 2913914 TID: «0436366
AuthCode: 11 - 087420
CHANGE £0.00
Number of items: 14
SUOUSSCSTSERERATTESReLER UE Reese ReRzEReRTESESELsELeAEEEE
Worrisons Hore
Carn More Points vhen you buy selected products in store
online and every tine you buy fuel.
You can also access Exclusive Prices
and receive offers just for you.
For wore information visit vav.worrisons.coa/nore

SUCUSSASSERRAETASSSANSESOSEASAREL LETS TSSESS FATES TLE Tey

Hore Points:
Your balance as of last shop o
Hore Points earned this shop 0

23/01/2024 14:14:20 00522 03100771031
Heli is available if you're experiencing
domestic abusy Call Refuge ‘s
Hattonal omestic Abuse Helpline up
Geli 00U 24? Bowttoud the Br tut tsky apg

INANK YUU FOL SHOPPING
Al MORRESON!,
",Groceries
"Sainsbury's

~} Good food for all
4 PORTSHOUTH COMMERCIAL it of us
13

.
I
S

Sainsbury's Supermarkets Ltd
33 Holborn London ECIN 2HT
www, sainsburys .co.uk
Vat Number ; 660 4548 36

contactless »)))
(eel HRRER RARE RERG GAZ

WS JS BRIT MATURE CHODR £3.30
S JS TOASTIE WHT 8006 £0.85
~ 2 BALANCE QUE £4.15
S Visa DEBIT £4.15

AID: A0000000031010
PAN SEQUENCE: 00
MERCHANT : xxxx 7868
AUTH CODE: 024814
TIO: xxxe1164

Cardholder Device Verified

CHANGE £0.00

pitistritietiiiisriressi sitet iiiciri res ped

WITH NECTAR YOU WOULO HAVE EARNED:
4

POINTS
REGISTER AT Nectar .conm
or download the app.

HR RAI IK RIE RR IEE IO IO IIR EIEIO IO IIT

IM EME L/S AA

xxxxx For a chance to win xxxxx
100,000 Nectar points
please tell us how we did at
lettuce-know.con
ERARAAAALAAARAAAARARANAARK

S PLEASE KEEP FOR YOUR RECORDS
PUBLISHED TERMS AND CONDITIONS APPLY

Ann

#1609 21:38:17 31 JAN2024
$5068 R64

LMAMASA IT aE

ha!

can? Kat

if
dt asd.

Thank you for your visit.

Vb be, ed hoe lad

agen ~~ _ OO
",Groceries
"A

Bk Bh bk LL A

de Mh

— ee oe be

Bt ee

Sainsbury's

G food for all of us
PORTSMOUTH COMMERCIAL ROAD LOCAL
0330 013 7680

Sainsbury's Supermarkets Ltd
33 Holborn London EC1N 2HT
waw.. sainsburys .co. Uk
Vat Number : 660 4548 36

PAIN AU CHOCOLAT £1.20
JS S/SKIM MLK 2.272L £1.55
2 BALANCE DUE £2.75

Visa DEBIT £2.75

contactless 1)}
[ICC] xxxxxxxxees%6342

AIO: A0000000031010
PAN SEQUENCE : 00
MERCHANT : 2xxx7868
AUTH CODE: 010661
TIO: xxxx1164

Cardholder Device Verified

CHANGE £0.00
RANK ERK REA RIE RRHEI RISE ER EI HEI T LEE TA
WITH NECTAR YOU WOULD HAVE EARNED:
POINTS
REGISTER AT Nectar .com
or download the app.

bn eA R a RARER ANNAN AT ARR AH ER EE AAT ANE EERE

saxxx For a chance to wif *****
100,000 Nectar points
please tell us how we did at
lettuce-know com
CRM ROREN RNR NTREERARTKREARE

fy FASE KEEP FOR YOUR RECORDS
pot Teg TERMS ARO CONDITIONS APPLY

en

Biedcil

349 go 01 UBFEB2024
eid

reve go Sr gta ¥NONT
",Groceries
"CU]

Tell us how we did
and get a delicious deal on your next
visit(ofter valid for aoe 16+)+
Go to www. ecdfoodfor thoughts. com
end enter this 12 digit code:

“Offer TACs apply:
htt: HTec-ds, uk/fft-tos
Tak you for esting at
Hednald’s
719/223 Comercial Road
Portsacuth
POL 48)
Phone: 07382 830965
E-wai]: Q00888uK. wed. com
TAX INVOICE
REG 21 Bate: 31-01-2024 Tine: 17:10:33
Store 0088. : .
1 Quarter EM 4.00
HO Hustard
1 Big tec L 5.18
1 Ouarter EVH 4.8
2 Hed Fries 0.0
1 Lg Fries 0.0
2 ted Coke 2.42
1 Lrg Zero Coke La
IN Total (incl YAT) 18.61
PonDOONGIOLG
Visa
ESATO
Prt SEO: 01
RN 17:09:12
7EN 11008821
SAE
Liem
lotal 3P 18.61
PIN VERIFIED
AUTH COLE: 0n5sta
Wi. *66409
yi Kober NOG
Se
at | a kw UY
Oe s Resturant Linited
eodpon
a irgredient ‘akonation

",Eating Out
"oe

308 fefa1 duttet Gunwhart Quays
Sait 96, Sunvharé Quays
Gunwharf Rod
POI 3¥2 Partsaquth
4 TEL : 0239 2174460
eFiste, EB UK LTO
ved Company Braupa SI 9102

Val Regtetration Musbar :
we Store RegisterSalese

Tet Datei
7S oveevauiaeas ga008 G80081 00647
eeritin Tax i 8

sitet

xeeeet £19.60 *

1 ites
Payment og <
Mastercard cap tt<CS*~*~*«é ND
tax Aunt Rate Tax excl ant
val GB 3.27 20.00% 16.33

To link to product registration,

brand support, help with use & care

and information on recycling your
old products,

Connect on: wwy.graupesed . go. uk or

cal] Customer € Support

Bi 0345
for help and advice.

All electrical items are Supp | led
with a 2 year quarantes unless
otherwise stated.
For mare {format jon about the
guararitee, please refer to the Brand
vebsite via : hi ar upeseb CO.UK
Helpline fel ; 9345 6021454

RETAIN 4 COPY OF THIS RECIEPT FOR
YOUR RECORDS

THANK YOU AND SEE YOU SOON

munuunyyes
",Personal Upkeep
